UniqueID,Suburb,Restaurant Type,Online Order Facility,Dine-in Facility,Avg Approx Cost (For Two People),Avg Rating,Avg Votes,Restaurant Count,Latitude,Longitude
ZM1000,BTM,Buffet,No,No,808.3333333333334,3.4799999999999995,138.5,6,12.91946792602539,77.61549377441406
ZM1001,BTM,Buffet,No,Yes,1323.5294117647059,4.25625,1934.235294117647,17,12.91946792602539,77.61549377441406
ZM1002,BTM,Buffet,Yes,No,737.5,3.625,1850.5,4,12.91946792602539,77.61549377441406
ZM1003,BTM,Buffet,Yes,Yes,1250.0,4.325,1773.0833333333333,12,12.91946792602539,77.61549377441406
ZM1004,BTM,Cafes,No,No,541.9354838709677,3.8499999999999996,772.9375,32,12.91946792602539,77.61549377441406
ZM1005,BTM,Cafes,No,Yes,833.3333333333334,4.3999999999999995,824.3333333333334,3,12.91946792602539,77.61549377441406
ZM1006,BTM,Cafes,Yes,No,558.6538461538462,3.8229166666666665,295.25,52,12.91946792602539,77.61549377441406
ZM1007,BTM,Cafes,Yes,Yes,765.3846153846154,4.176923076923077,1283.0,13,12.91946792602539,77.61549377441406
ZM1008,BTM,Delivery,No,No,367.5880829015544,3.4795348837209303,100.19642857142857,392,12.91946792602539,77.61549377441406
ZM1009,BTM,Delivery,No,Yes,932.3529411764706,4.266666666666667,1196.0588235294117,17,12.91946792602539,77.61549377441406
ZM1010,BTM,Delivery,Yes,No,409.2289348171701,3.654596622889306,154.3449920508744,1258,12.91946792602539,77.61549377441406
ZM1011,BTM,Delivery,Yes,Yes,973.6220472440945,4.1000000000000005,1016.8661417322835,127,12.91946792602539,77.61549377441406
ZM1012,BTM,Desserts,No,No,331.44329896907215,3.634920634920635,62.53,100,12.91946792602539,77.61549377441406
ZM1013,BTM,Desserts,No,Yes,1300.0,4.2,2626.0,1,12.91946792602539,77.61549377441406
ZM1014,BTM,Desserts,Yes,No,382.77777777777777,3.9121951219512194,179.4777777777778,90,12.91946792602539,77.61549377441406
ZM1015,BTM,Desserts,Yes,Yes,770.0,4.14,642.6,5,12.91946792602539,77.61549377441406
ZM1016,BTM,Dine-out,No,No,392.24444444444447,3.504878048780488,112.2885462555066,454,12.91946792602539,77.61549377441406
ZM1017,BTM,Dine-out,No,Yes,1217.2727272727273,4.276470588235294,1578.090909090909,55,12.91946792602539,77.61549377441406
ZM1018,BTM,Dine-out,Yes,No,454.375,3.639529411764706,216.72708333333333,480,12.91946792602539,77.61549377441406
ZM1019,BTM,Dine-out,Yes,Yes,985.15625,4.148387096774194,1224.765625,64,12.91946792602539,77.61549377441406
ZM1020,BTM,Drinks & Night Life,No,No,1220.0,3.4555555555555553,109.0,10,12.91946792602539,77.61549377441406
ZM1021,BTM,Drinks & Night Life,No,Yes,1354.1666666666667,4.257142857142857,1590.3333333333333,24,12.91946792602539,77.61549377441406
ZM1022,BTM,Drinks & Night Life,Yes,No,1100.0,4.05,2329.5,2,12.91946792602539,77.61549377441406
ZM1023,BTM,Drinks & Night Life,Yes,Yes,1322.2222222222222,4.222222222222222,2067.222222222222,9,12.91946792602539,77.61549377441406
ZM1024,BTM,Pubs and bars,No,No,1106.25,3.5999999999999996,228.5625,16,12.91946792602539,77.61549377441406
ZM1025,BTM,Pubs and bars,No,Yes,1266.6666666666667,4.265,2332.1428571428573,21,12.91946792602539,77.61549377441406
ZM1026,BTM,Pubs and bars,Yes,No,800.0,3.6,20.5,2,12.91946792602539,77.61549377441406
ZM1027,BTM,Pubs and bars,Yes,Yes,1300.0,4.2846153846153845,1347.1538461538462,13,12.91946792602539,77.61549377441406
ZM1028,Banashankari,Buffet,No,No,566.6666666666666,3.6999999999999997,87.33333333333333,3,12.922256469726562,77.55767059326172
ZM1029,Banashankari,Buffet,Yes,No,733.3333333333334,3.9,663.6666666666666,3,12.922256469726562,77.55767059326172
ZM1030,Banashankari,Buffet,Yes,Yes,800.0,4.1,775.0,1,12.922256469726562,77.55767059326172
ZM1031,Banashankari,Cafes,No,No,518.75,3.6,95.25,8,12.922256469726562,77.55767059326172
ZM1032,Banashankari,Cafes,Yes,No,569.2307692307693,3.753846153846154,240.46153846153845,13,12.922256469726562,77.55767059326172
ZM1033,Banashankari,Cafes,Yes,Yes,566.6666666666666,4.333333333333333,956.6666666666666,3,12.922256469726562,77.55767059326172
ZM1034,Banashankari,Delivery,No,No,333.3333333333333,3.549090909090909,60.166666666666664,96,12.922256469726562,77.55767059326172
ZM1035,Banashankari,Delivery,No,Yes,850.0,4.0,808.0,1,12.922256469726562,77.55767059326172
ZM1036,Banashankari,Delivery,Yes,No,380.29117647058825,3.66,176.76764705882354,340,12.922256469726562,77.55767059326172
ZM1037,Banashankari,Delivery,Yes,Yes,919.2307692307693,4.015384615384615,806.3461538461538,26,12.922256469726562,77.55767059326172
ZM1038,Banashankari,Desserts,No,No,287.5,3.6346153846153846,41.333333333333336,36,12.922256469726562,77.55767059326172
ZM1039,Banashankari,Desserts,Yes,No,373.9130434782609,3.727272727272727,128.17391304347825,23,12.922256469726562,77.55767059326172
ZM1040,Banashankari,Dine-out,No,No,341.9631901840491,3.610909090909091,95.42331288343559,163,12.922256469726562,77.55767059326172
ZM1041,Banashankari,Dine-out,No,Yes,1075.0,3.9,892.5,2,12.922256469726562,77.55767059326172
ZM1042,Banashankari,Dine-out,Yes,No,406.25,3.6561983471074377,183.15625,128,12.922256469726562,77.55767059326172
ZM1043,Banashankari,Dine-out,Yes,Yes,700.0,4.214285714285714,718.1111111111111,9,12.922256469726562,77.55767059326172
ZM1044,Banashankari,Drinks & Night Life,No,No,871.4285714285714,3.3166666666666664,211.14285714285714,7,12.922256469726562,77.55767059326172
ZM1045,Banashankari,Drinks & Night Life,No,Yes,1300.0,3.8,977.0,1,12.922256469726562,77.55767059326172
ZM1046,Bannerghatta Road,Buffet,No,No,910.0,3.3499999999999996,118.4,5,12.8219492500912,77.5736104500866
ZM1047,Bannerghatta Road,Buffet,No,Yes,1075.0,4.175,1323.25,4,12.8219492500912,77.5736104500866
ZM1048,Bannerghatta Road,Buffet,Yes,No,633.3333333333334,3.533333333333333,1245.0,3,12.8219492500912,77.5736104500866
ZM1049,Bannerghatta Road,Buffet,Yes,Yes,980.0,4.1,1418.4,5,12.8219492500912,77.5736104500866
ZM1050,Bannerghatta Road,Cafes,No,No,545.2380952380952,3.6785714285714284,53.714285714285715,21,12.8219492500912,77.5736104500866
ZM1051,Bannerghatta Road,Cafes,No,Yes,750.0,3.8,119.5,2,12.8219492500912,77.5736104500866
ZM1052,Bannerghatta Road,Cafes,Yes,No,526.4705882352941,3.5875,69.70588235294117,17,12.8219492500912,77.5736104500866
ZM1053,Bannerghatta Road,Cafes,Yes,Yes,700.0,4.15,2554.0,2,12.8219492500912,77.5736104500866
ZM1054,Bannerghatta Road,Delivery,No,No,376.7510548523207,3.3692307692307693,33.43333333333333,240,12.8219492500912,77.5736104500866
ZM1055,Bannerghatta Road,Delivery,No,Yes,933.3333333333334,3.8375,445.77777777777777,9,12.8219492500912,77.5736104500866
ZM1056,Bannerghatta Road,Delivery,Yes,No,400.54574638844304,3.567562380038388,106.98876404494382,623,12.8219492500912,77.5736104500866
ZM1057,Bannerghatta Road,Delivery,Yes,Yes,944.7368421052631,4.0,1037.1315789473683,38,12.8219492500912,77.5736104500866
ZM1058,Bannerghatta Road,Desserts,No,No,331.34328358208955,3.5710526315789473,38.38805970149254,67,12.8219492500912,77.5736104500866
ZM1059,Bannerghatta Road,Desserts,No,Yes,900.0,3.9,48.0,1,12.8219492500912,77.5736104500866
ZM1060,Bannerghatta Road,Desserts,Yes,No,381.48936170212767,3.655263157894737,79.19148936170212,47,12.8219492500912,77.5736104500866
ZM1061,Bannerghatta Road,Desserts,Yes,Yes,700.0,4.1,448.0,1,12.8219492500912,77.5736104500866
ZM1062,Bannerghatta Road,Dine-out,No,No,424.8068669527897,3.3531468531468533,52.53648068669528,233,12.8219492500912,77.5736104500866
ZM1063,Bannerghatta Road,Dine-out,No,Yes,1082.3529411764705,3.9642857142857144,698.4705882352941,17,12.8219492500912,77.5736104500866
ZM1064,Bannerghatta Road,Dine-out,Yes,No,432.4267782426778,3.513333333333333,113.67364016736401,239,12.8219492500912,77.5736104500866
ZM1065,Bannerghatta Road,Dine-out,Yes,Yes,956.0,3.954166666666666,971.36,25,12.8219492500912,77.5736104500866
ZM1066,Bannerghatta Road,Drinks & Night Life,No,No,1275.0,3.5749999999999997,739.75,4,12.8219492500912,77.5736104500866
ZM1067,Bannerghatta Road,Drinks & Night Life,No,Yes,1350.0,4.0,737.5,4,12.8219492500912,77.5736104500866
ZM1068,Bannerghatta Road,Drinks & Night Life,Yes,No,150.0,,0.0,1,12.8219492500912,77.5736104500866
ZM1069,Bannerghatta Road,Drinks & Night Life,Yes,Yes,1255.5555555555557,4.144444444444444,1567.111111111111,9,12.8219492500912,77.5736104500866
ZM1070,Basavanagudi,Buffet,No,No,600.0,3.8,166.0,1,12.943451881408691,77.5740966796875
ZM1071,Basavanagudi,Buffet,No,Yes,950.0,3.9,625.0,4,12.943451881408691,77.5740966796875
ZM1072,Basavanagudi,Buffet,Yes,No,716.6666666666666,3.9666666666666663,1052.5,6,12.943451881408691,77.5740966796875
ZM1073,Basavanagudi,Buffet,Yes,Yes,1125.0,4.05,1430.0,4,12.943451881408691,77.5740966796875
ZM1074,Basavanagudi,Cafes,No,No,484.375,3.6933333333333334,143.125,16,12.943451881408691,77.5740966796875
ZM1075,Basavanagudi,Cafes,No,Yes,800.0,4.2,366.5,4,12.943451881408691,77.5740966796875
ZM1076,Basavanagudi,Cafes,Yes,No,580.952380952381,3.7299999999999995,239.47619047619048,21,12.943451881408691,77.5740966796875
ZM1077,Basavanagudi,Cafes,Yes,Yes,690.0,4.24,1069.8,5,12.943451881408691,77.5740966796875
ZM1078,Basavanagudi,Delivery,No,No,356.5040650406504,3.5635135135135134,60.45161290322581,124,12.943451881408691,77.5740966796875
ZM1079,Basavanagudi,Delivery,No,Yes,1007.1428571428571,3.9,609.8571428571429,7,12.943451881408691,77.5740966796875
ZM1080,Basavanagudi,Delivery,Yes,No,393.77510917030565,3.6817518248175185,166.34934497816593,458,12.943451881408691,77.5740966796875
ZM1081,Basavanagudi,Delivery,Yes,Yes,948.9795918367347,4.0653061224489795,966.8979591836735,49,12.943451881408691,77.5740966796875
ZM1082,Basavanagudi,Desserts,No,No,305.2631578947368,3.81025641025641,73.3859649122807,57,12.943451881408691,77.5740966796875
ZM1083,Basavanagudi,Desserts,No,Yes,800.0,4.3,633.0,1,12.943451881408691,77.5740966796875
ZM1084,Basavanagudi,Desserts,Yes,No,359.80392156862746,3.773913043478261,152.31372549019608,51,12.943451881408691,77.5740966796875
ZM1085,Basavanagudi,Dine-out,No,No,336.6952789699571,3.5835294117647063,112.18025751072962,233,12.943451881408691,77.5740966796875
ZM1086,Basavanagudi,Dine-out,No,Yes,1046.6666666666667,3.9214285714285713,541.0666666666667,15,12.943451881408691,77.5740966796875
ZM1087,Basavanagudi,Dine-out,Yes,No,439.766081871345,3.683636363636363,239.2280701754386,171,12.943451881408691,77.5740966796875
ZM1088,Basavanagudi,Dine-out,Yes,Yes,937.0370370370371,4.037037037037037,896.4074074074074,27,12.943451881408691,77.5740966796875
ZM1089,Basavanagudi,Drinks & Night Life,No,No,960.0,3.3200000000000003,283.2,5,12.943451881408691,77.5740966796875
ZM1090,Basavanagudi,Drinks & Night Life,No,Yes,1370.0,3.8600000000000003,532.6,5,12.943451881408691,77.5740966796875
ZM1091,Basavanagudi,Drinks & Night Life,Yes,Yes,1350.0,4.1,706.0,2,12.943451881408691,77.5740966796875
ZM1092,Bellandur,Buffet,No,No,1037.5,3.466666666666667,376.55555555555554,9,12.929118156433105,77.67872619628906
ZM1093,Bellandur,Buffet,No,Yes,1622.2222222222222,4.288888888888889,1417.0,9,12.929118156433105,77.67872619628906
ZM1094,Bellandur,Buffet,Yes,No,850.0,4.15,599.0,2,12.929118156433105,77.67872619628906
ZM1095,Bellandur,Buffet,Yes,Yes,1340.0,4.16,1817.1,10,12.929118156433105,77.67872619628906
ZM1096,Bellandur,Cafes,No,No,489.2857142857143,3.72,23.428571428571427,14,12.929118156433105,77.67872619628906
ZM1097,Bellandur,Cafes,Yes,No,570.8333333333334,3.8083333333333336,181.58333333333334,12,12.929118156433105,77.67872619628906
ZM1098,Bellandur,Cafes,Yes,Yes,1000.0,4.0,341.0,1,12.929118156433105,77.67872619628906
ZM1099,Bellandur,Delivery,No,No,407.1034482758621,3.3743243243243244,30.12162162162162,148,12.929118156433105,77.67872619628906
ZM1100,Bellandur,Delivery,No,Yes,1050.0,3.966666666666667,578.6666666666666,3,12.929118156433105,77.67872619628906
ZM1101,Bellandur,Delivery,Yes,No,441.6772823779193,3.572911392405063,130.63906581740977,471,12.929118156433105,77.67872619628906
ZM1102,Bellandur,Delivery,Yes,Yes,1087.2093023255813,4.123809523809523,1455.5813953488373,43,12.929118156433105,77.67872619628906
ZM1103,Bellandur,Desserts,No,No,377.02702702702703,3.6076923076923078,40.91891891891892,37,12.929118156433105,77.67872619628906
ZM1104,Bellandur,Desserts,Yes,No,427.90697674418607,3.753846153846154,119.5813953488372,43,12.929118156433105,77.67872619628906
ZM1105,Bellandur,Dine-out,No,No,431.40939597315435,3.3731182795698924,63.093333333333334,150,12.929118156433105,77.67872619628906
ZM1106,Bellandur,Dine-out,No,Yes,1652.5,4.215,1057.55,20,12.929118156433105,77.67872619628906
ZM1107,Bellandur,Dine-out,Yes,No,472.16494845360825,3.473939393939394,129.93298969072166,194,12.929118156433105,77.67872619628906
ZM1108,Bellandur,Dine-out,Yes,Yes,1209.090909090909,4.181818181818182,2071.9545454545455,22,12.929118156433105,77.67872619628906
ZM1109,Bellandur,Drinks & Night Life,No,No,1500.0,3.6666666666666665,96.33333333333333,3,12.929118156433105,77.67872619628906
ZM1110,Bellandur,Drinks & Night Life,No,Yes,1800.0,4.1000000000000005,697.5,6,12.929118156433105,77.67872619628906
ZM1111,Bellandur,Drinks & Night Life,Yes,No,1600.0,4.4,993.0,2,12.929118156433105,77.67872619628906
ZM1112,Bellandur,Drinks & Night Life,Yes,Yes,1377.7777777777778,4.266666666666667,4057.5555555555557,9,12.929118156433105,77.67872619628906
ZM1113,Bellandur,Pubs and bars,No,No,1000.0,3.5999999999999996,121.5,2,12.929118156433105,77.67872619628906
ZM1114,Bellandur,Pubs and bars,No,Yes,1580.0,4.5200000000000005,2302.8,5,12.929118156433105,77.67872619628906
ZM1115,Bellandur,Pubs and bars,Yes,No,1233.3333333333333,4.133333333333334,672.3333333333334,3,12.929118156433105,77.67872619628906
ZM1116,Bellandur,Pubs and bars,Yes,Yes,1422.2222222222222,4.266666666666667,2596.222222222222,9,12.929118156433105,77.67872619628906
ZM1117,Brigade Road,Buffet,No,No,1268.1818181818182,3.5181818181818185,211.6818181818182,22,12.973336219787598,77.60750579833984
ZM1118,Brigade Road,Buffet,No,Yes,1823.5294117647059,4.105882352941176,528.2941176470588,17,12.973336219787598,77.60750579833984
ZM1119,Brigade Road,Buffet,Yes,No,1250.0,3.9799999999999995,740.6,5,12.973336219787598,77.60750579833984
ZM1120,Brigade Road,Buffet,Yes,Yes,1469.2307692307693,4.1230769230769235,923.3846153846154,13,12.973336219787598,77.60750579833984
ZM1121,Brigade Road,Cafes,No,No,640.6976744186046,3.7794117647058822,302.3255813953488,43,12.973336219787598,77.60750579833984
ZM1122,Brigade Road,Cafes,No,Yes,1375.0,3.9,498.5,6,12.973336219787598,77.60750579833984
ZM1123,Brigade Road,Cafes,Yes,No,603.7037037037037,3.912,382.3333333333333,27,12.973336219787598,77.60750579833984
ZM1124,Brigade Road,Cafes,Yes,Yes,1078.5714285714287,4.314285714285714,1810.5714285714287,7,12.973336219787598,77.60750579833984
ZM1125,Brigade Road,Delivery,No,No,426.28205128205127,3.638541666666667,127.54430379746836,158,12.973336219787598,77.60750579833984
ZM1126,Brigade Road,Delivery,No,Yes,1175.0,4.069999999999999,801.5,10,12.973336219787598,77.60750579833984
ZM1127,Brigade Road,Delivery,Yes,No,476.24454148471614,3.6755102040816325,185.47161572052403,458,12.973336219787598,77.60750579833984
ZM1128,Brigade Road,Delivery,Yes,Yes,1250.7246376811595,4.1347826086956525,1109.4927536231885,69,12.973336219787598,77.60750579833984
ZM1129,Brigade Road,Desserts,No,No,389.18918918918916,3.7170212765957444,86.48648648648648,74,12.973336219787598,77.60750579833984
ZM1130,Brigade Road,Desserts,No,Yes,1600.0,4.06,552.8,5,12.973336219787598,77.60750579833984
ZM1131,Brigade Road,Desserts,Yes,No,389.80392156862746,3.9108695652173915,161.9607843137255,51,12.973336219787598,77.60750579833984
ZM1132,Brigade Road,Desserts,Yes,Yes,975.0,4.275,1961.25,4,12.973336219787598,77.60750579833984
ZM1133,Brigade Road,Dine-out,No,No,642.5566343042071,3.627354260089686,196.75728155339806,309,12.973336219787598,77.60750579833984
ZM1134,Brigade Road,Dine-out,No,Yes,1931.111111111111,4.177528089887641,776.0222222222222,90,12.973336219787598,77.60750579833984
ZM1135,Brigade Road,Dine-out,Yes,No,536.6492146596859,3.6924855491329476,257.0785340314136,191,12.973336219787598,77.60750579833984
ZM1136,Brigade Road,Dine-out,Yes,Yes,1320.909090909091,4.1454545454545455,1199.7636363636364,55,12.973336219787598,77.60750579833984
ZM1137,Brigade Road,Drinks & Night Life,No,No,1388.5714285714287,3.8125,592.4571428571429,35,12.973336219787598,77.60750579833984
ZM1138,Brigade Road,Drinks & Night Life,No,Yes,1774.1935483870968,4.180645161290323,1273.225806451613,31,12.973336219787598,77.60750579833984
ZM1139,Brigade Road,Drinks & Night Life,Yes,No,1650.0,4.15,1453.0,2,12.973336219787598,77.60750579833984
ZM1140,Brigade Road,Drinks & Night Life,Yes,Yes,1690.0,4.33,2141.4,10,12.973336219787598,77.60750579833984
ZM1141,Brigade Road,Pubs and bars,No,No,1131.25,3.723076923076923,256.375,32,12.973336219787598,77.60750579833984
ZM1142,Brigade Road,Pubs and bars,No,Yes,1776.1904761904761,4.085714285714285,404.6666666666667,21,12.973336219787598,77.60750579833984
ZM1143,Brigade Road,Pubs and bars,Yes,No,541.6666666666666,3.9583333333333335,103.5,12,12.973336219787598,77.60750579833984
ZM1144,Brigade Road,Pubs and bars,Yes,Yes,1416.6666666666667,4.283333333333333,1415.75,12,12.973336219787598,77.60750579833984
ZM1145,Brookefield,Buffet,No,No,1235.7142857142858,3.569230769230769,81.57142857142857,14,12.965700149536133,77.71880340576172
ZM1146,Brookefield,Buffet,No,Yes,1460.0,3.9799999999999995,800.0,10,12.965700149536133,77.71880340576172
ZM1147,Brookefield,Buffet,Yes,No,800.0,3.1,50.666666666666664,3,12.965700149536133,77.71880340576172
ZM1148,Brookefield,Buffet,Yes,Yes,975.0,4.2,1217.3333333333333,6,12.965700149536133,77.71880340576172
ZM1149,Brookefield,Cafes,No,No,523.3333333333334,3.4916666666666667,75.33333333333333,15,12.965700149536133,77.71880340576172
ZM1150,Brookefield,Cafes,No,Yes,1200.0,4.2,282.5,2,12.965700149536133,77.71880340576172
ZM1151,Brookefield,Cafes,Yes,No,500.0,3.563636363636364,127.53846153846153,13,12.965700149536133,77.71880340576172
ZM1152,Brookefield,Cafes,Yes,Yes,800.0,4.0600000000000005,506.8,5,12.965700149536133,77.71880340576172
ZM1153,Brookefield,Delivery,No,No,412.4154589371981,3.3490196078431373,48.74038461538461,208,12.965700149536133,77.71880340576172
ZM1154,Brookefield,Delivery,No,Yes,900.0,3.442857142857143,162.28571428571428,7,12.965700149536133,77.71880340576172
ZM1155,Brookefield,Delivery,Yes,No,442.4247491638796,3.5369387755102037,121.47324414715719,598,12.965700149536133,77.71880340576172
ZM1156,Brookefield,Delivery,Yes,Yes,967.0212765957447,4.068085106382979,996.1914893617021,47,12.965700149536133,77.71880340576172
ZM1157,Brookefield,Desserts,No,No,374.44444444444446,3.534782608695652,45.733333333333334,45,12.965700149536133,77.71880340576172
ZM1158,Brookefield,Desserts,No,Yes,400.0,4.2,65.0,1,12.965700149536133,77.71880340576172
ZM1159,Brookefield,Desserts,Yes,No,365.7894736842105,3.764705882352941,130.60526315789474,38,12.965700149536133,77.71880340576172
ZM1160,Brookefield,Desserts,Yes,Yes,750.0,4.4,786.5,2,12.965700149536133,77.71880340576172
ZM1161,Brookefield,Dine-out,No,No,521.917808219178,3.4325925925925924,93.15454545454546,220,12.965700149536133,77.71880340576172
ZM1162,Brookefield,Dine-out,No,Yes,1600.0,3.9777777777777774,998.1111111111111,18,12.965700149536133,77.71880340576172
ZM1163,Brookefield,Dine-out,Yes,No,475.0869565217391,3.5030927835051546,163.88260869565218,230,12.965700149536133,77.71880340576172
ZM1164,Brookefield,Dine-out,Yes,Yes,920.4545454545455,4.0181818181818185,740.9090909090909,22,12.965700149536133,77.71880340576172
ZM1165,Brookefield,Drinks & Night Life,No,No,1672.2222222222222,3.855555555555556,799.3333333333334,9,12.965700149536133,77.71880340576172
ZM1166,Brookefield,Drinks & Night Life,No,Yes,1533.3333333333333,4.3999999999999995,3017.3333333333335,3,12.965700149536133,77.71880340576172
ZM1167,Brookefield,Drinks & Night Life,Yes,No,1200.0,2.6,118.0,1,12.965700149536133,77.71880340576172
ZM1168,Brookefield,Drinks & Night Life,Yes,Yes,1500.0,3.5,262.0,1,12.965700149536133,77.71880340576172
ZM1169,Church Street,Buffet,No,No,1239.1304347826087,3.5173913043478255,202.30434782608697,23,12.9761761501761,77.601156200291
ZM1170,Church Street,Buffet,No,Yes,1861.111111111111,4.105555555555556,516.1111111111111,18,12.9761761501761,77.601156200291
ZM1171,Church Street,Buffet,Yes,No,1250.0,4.0,740.2,5,12.9761761501761,77.601156200291
ZM1172,Church Street,Buffet,Yes,Yes,1471.4285714285713,4.128571428571428,1195.5714285714287,14,12.9761761501761,77.601156200291
ZM1173,Church Street,Cafes,No,No,667.8571428571429,3.8705882352941177,322.95348837209303,43,12.9761761501761,77.601156200291
ZM1174,Church Street,Cafes,No,Yes,1375.0,3.9,499.3333333333333,6,12.9761761501761,77.601156200291
ZM1175,Church Street,Cafes,Yes,No,587.0967741935484,3.903448275862069,351.7096774193548,31,12.9761761501761,77.601156200291
ZM1176,Church Street,Cafes,Yes,Yes,1078.5714285714287,4.328571428571428,1819.857142857143,7,12.9761761501761,77.601156200291
ZM1177,Church Street,Delivery,No,No,410.05434782608694,3.6269565217391304,109.60427807486631,187,12.9761761501761,77.601156200291
ZM1178,Church Street,Delivery,No,Yes,1383.3333333333333,4.1499999999999995,1070.3333333333333,6,12.9761761501761,77.601156200291
ZM1179,Church Street,Delivery,Yes,No,476.5034965034965,3.6653950953678476,184.63403263403262,429,12.9761761501761,77.601156200291
ZM1180,Church Street,Delivery,Yes,Yes,1233.59375,4.1328125,1228.171875,64,12.9761761501761,77.601156200291
ZM1181,Church Street,Desserts,No,No,383.97435897435895,3.7365384615384616,84.2948717948718,78,12.9761761501761,77.601156200291
ZM1182,Church Street,Desserts,No,Yes,1600.0,4.08,555.0,5,12.9761761501761,77.601156200291
ZM1183,Church Street,Desserts,Yes,No,398.6,3.92,169.26,50,12.9761761501761,77.601156200291
ZM1184,Church Street,Desserts,Yes,Yes,975.0,4.275,1967.25,4,12.9761761501761,77.601156200291
ZM1185,Church Street,Dine-out,No,No,605.6195965417868,3.6215447154471545,173.2349570200573,349,12.9761761501761,77.601156200291
ZM1186,Church Street,Dine-out,No,Yes,1986.9791666666667,4.181052631578948,774.1354166666666,96,12.9761761501761,77.601156200291
ZM1187,Church Street,Dine-out,Yes,No,555.3030303030303,3.7243243243243245,272.7323232323232,198,12.9761761501761,77.601156200291
ZM1188,Church Street,Dine-out,Yes,Yes,1299.122807017544,4.136842105263158,1167.438596491228,57,12.9761761501761,77.601156200291
ZM1189,Church Street,Drinks & Night Life,No,No,1394.1176470588234,3.8125,594.0,35,12.9761761501761,77.601156200291
ZM1190,Church Street,Drinks & Night Life,No,Yes,1781.8181818181818,4.178787878787879,1188.8484848484848,33,12.9761761501761,77.601156200291
ZM1191,Church Street,Drinks & Night Life,Yes,No,1650.0,4.15,1456.5,2,12.9761761501761,77.601156200291
ZM1192,Church Street,Drinks & Night Life,Yes,Yes,1690.0,4.33,2146.3,10,12.9761761501761,77.601156200291
ZM1193,Church Street,Pubs and bars,No,No,1305.0,3.748,475.96774193548384,31,12.9761761501761,77.601156200291
ZM1194,Church Street,Pubs and bars,No,Yes,1703.448275862069,4.155172413793103,1009.6206896551724,29,12.9761761501761,77.601156200291
ZM1195,Church Street,Pubs and bars,Yes,No,1566.6666666666667,4.066666666666666,496.6666666666667,3,12.9761761501761,77.601156200291
ZM1196,Church Street,Pubs and bars,Yes,Yes,1421.4285714285713,4.264285714285714,1238.142857142857,14,12.9761761501761,77.601156200291
ZM1197,Electronic City,Buffet,No,No,1066.6666666666667,3.34,39.666666666666664,6,12.847806930541992,77.66319274902344
ZM1198,Electronic City,Buffet,No,Yes,1605.5555555555557,3.922222222222222,424.0,9,12.847806930541992,77.66319274902344
ZM1199,Electronic City,Buffet,Yes,No,1000.0,3.5,310.0,3,12.847806930541992,77.66319274902344
ZM1200,Electronic City,Buffet,Yes,Yes,1075.0,3.825,492.5,4,12.847806930541992,77.66319274902344
ZM1201,Electronic City,Cafes,No,No,459.09090909090907,3.6999999999999997,30.09090909090909,11,12.847806930541992,77.66319274902344
ZM1202,Electronic City,Cafes,Yes,No,529.1666666666666,3.4454545454545453,96.58333333333333,12,12.847806930541992,77.66319274902344
ZM1203,Electronic City,Cafes,Yes,Yes,600.0,4.5,860.0,1,12.847806930541992,77.66319274902344
ZM1204,Electronic City,Delivery,No,No,375.1792828685259,3.355652173913043,12.37007874015748,254,12.847806930541992,77.66319274902344
ZM1205,Electronic City,Delivery,No,Yes,1212.5,3.825,461.25,4,12.847806930541992,77.66319274902344
ZM1206,Electronic City,Delivery,Yes,No,424.390243902439,3.4958904109589044,109.56445993031359,287,12.847806930541992,77.66319274902344
ZM1207,Electronic City,Delivery,Yes,Yes,830.5555555555555,3.811111111111111,439.8333333333333,18,12.847806930541992,77.66319274902344
ZM1208,Electronic City,Desserts,No,No,350.0,3.4411764705882355,16.027027027027028,37,12.847806930541992,77.66319274902344
ZM1209,Electronic City,Desserts,Yes,No,376.5625,3.451851851851852,54.15625,32,12.847806930541992,77.66319274902344
ZM1210,Electronic City,Desserts,Yes,Yes,800.0,4.0,476.0,2,12.847806930541992,77.66319274902344
ZM1211,Electronic City,Dine-out,No,No,428.81944444444446,3.3639240506329116,15.387543252595156,289,12.847806930541992,77.66319274902344
ZM1212,Electronic City,Dine-out,No,Yes,1595.2380952380952,3.94,339.04761904761904,21,12.847806930541992,77.66319274902344
ZM1213,Electronic City,Dine-out,Yes,No,449.72222222222223,3.5207792207792212,142.23888888888888,180,12.847806930541992,77.66319274902344
ZM1214,Electronic City,Dine-out,Yes,Yes,852.9411764705883,3.7882352941176474,450.29411764705884,17,12.847806930541992,77.66319274902344
ZM1215,Electronic City,Drinks & Night Life,No,No,1112.5,3.4875,39.375,8,12.847806930541992,77.66319274902344
ZM1216,Electronic City,Drinks & Night Life,No,Yes,1488.888888888889,3.9749999999999996,346.3333333333333,9,12.847806930541992,77.66319274902344
ZM1217,Electronic City,Drinks & Night Life,Yes,No,1400.0,3.1,8.5,2,12.847806930541992,77.66319274902344
ZM1218,Electronic City,Drinks & Night Life,Yes,Yes,1200.0,3.7,360.0,2,12.847806930541992,77.66319274902344
ZM1219,Electronic City,Pubs and bars,No,No,1160.0,3.3874999999999997,23.1,10,12.847806930541992,77.66319274902344
ZM1220,Electronic City,Pubs and bars,No,Yes,1328.5714285714287,4.0,431.85714285714283,7,12.847806930541992,77.66319274902344
ZM1221,Electronic City,Pubs and bars,Yes,No,1500.0,3.5,29.0,2,12.847806930541992,77.66319274902344
ZM1222,Electronic City,Pubs and bars,Yes,Yes,1200.0,3.7,360.0,2,12.847806930541992,77.66319274902344
ZM1223,Frazer Town,Buffet,No,No,1150.0,3.525,66.25,4,12.999527931213379,77.61945343017578
ZM1224,Frazer Town,Buffet,No,Yes,1560.0,3.94,145.6,5,12.999527931213379,77.61945343017578
ZM1225,Frazer Town,Buffet,Yes,No,750.0,4.1,1864.0,1,12.999527931213379,77.61945343017578
ZM1226,Frazer Town,Buffet,Yes,Yes,1600.0,3.95,238.0,4,12.999527931213379,77.61945343017578
ZM1227,Frazer Town,Cafes,No,No,690.625,3.7642857142857147,48.0625,16,12.999527931213379,77.61945343017578
ZM1228,Frazer Town,Cafes,No,Yes,1500.0,3.8499999999999996,170.0,2,12.999527931213379,77.61945343017578
ZM1229,Frazer Town,Cafes,Yes,No,562.5,3.8636363636363638,243.08333333333334,24,12.999527931213379,77.61945343017578
ZM1230,Frazer Town,Cafes,Yes,Yes,1037.5,4.35,2515.25,4,12.999527931213379,77.61945343017578
ZM1231,Frazer Town,Delivery,No,No,394.17808219178085,3.5240963855421685,36.833333333333336,150,12.999527931213379,77.61945343017578
ZM1232,Frazer Town,Delivery,No,Yes,1100.0,4.1000000000000005,1010.6666666666666,3,12.999527931213379,77.61945343017578
ZM1233,Frazer Town,Delivery,Yes,No,465.2631578947368,3.680678851174935,205.51258581235697,437,12.999527931213379,77.61945343017578
ZM1234,Frazer Town,Delivery,Yes,Yes,1251.5873015873017,4.138709677419355,1183.1587301587301,63,12.999527931213379,77.61945343017578
ZM1235,Frazer Town,Desserts,No,No,316.9811320754717,3.7299999999999995,51.54716981132076,53,12.999527931213379,77.61945343017578
ZM1236,Frazer Town,Desserts,No,Yes,2200.0,3.8,25.0,1,12.999527931213379,77.61945343017578
ZM1237,Frazer Town,Desserts,Yes,No,362.5,3.8074074074074074,109.71875,32,12.999527931213379,77.61945343017578
ZM1238,Frazer Town,Desserts,Yes,Yes,1300.0,4.7,4678.0,1,12.999527931213379,77.61945343017578
ZM1239,Frazer Town,Dine-out,No,No,402.28426395939084,3.5317460317460316,40.11616161616162,198,12.999527931213379,77.61945343017578
ZM1240,Frazer Town,Dine-out,No,Yes,1736.842105263158,4.078947368421052,490.0,19,12.999527931213379,77.61945343017578
ZM1241,Frazer Town,Dine-out,Yes,No,506.8,3.6594827586206895,197.808,125,12.999527931213379,77.61945343017578
ZM1242,Frazer Town,Dine-out,Yes,Yes,1221.875,4.1625,1159.5,16,12.999527931213379,77.61945343017578
ZM1243,Frazer Town,Drinks & Night Life,No,No,1271.4285714285713,3.585714285714286,163.85714285714286,7,12.999527931213379,77.61945343017578
ZM1244,Frazer Town,Drinks & Night Life,No,Yes,1700.0,4.166666666666667,783.0,3,12.999527931213379,77.61945343017578
ZM1245,Frazer Town,Drinks & Night Life,Yes,Yes,1300.0,4.7,4678.0,1,12.999527931213379,77.61945343017578
ZM1246,Frazer Town,Pubs and bars,No,No,1277.7777777777778,3.5500000000000003,123.88888888888889,9,12.999527931213379,77.61945343017578
ZM1247,Frazer Town,Pubs and bars,No,Yes,1900.0,4.25,1012.5,2,12.999527931213379,77.61945343017578
ZM1248,Frazer Town,Pubs and bars,Yes,Yes,1360.0,4.26,1367.8,5,12.999527931213379,77.61945343017578
ZM1249,HSR,Buffet,No,No,900.0,3.8,140.66666666666666,3,12.976746559143066,77.57527923583984
ZM1250,HSR,Buffet,No,Yes,1400.0,4.12,713.3333333333334,6,12.976746559143066,77.57527923583984
ZM1251,HSR,Buffet,Yes,No,880.0,3.94,1186.0,5,12.976746559143066,77.57527923583984
ZM1252,HSR,Buffet,Yes,Yes,1214.2857142857142,4.085714285714286,1751.142857142857,7,12.976746559143066,77.57527923583984
ZM1253,HSR,Cafes,No,No,527.7777777777778,3.625,119.66666666666667,18,12.976746559143066,77.57527923583984
ZM1254,HSR,Cafes,Yes,No,550.0,3.816666666666667,251.77777777777777,18,12.976746559143066,77.57527923583984
ZM1255,HSR,Cafes,Yes,Yes,804.1666666666666,4.090909090909091,840.75,12,12.976746559143066,77.57527923583984
ZM1256,HSR,Delivery,No,No,378.0603448275862,3.4305084745762713,43.0,236,12.976746559143066,77.57527923583984
ZM1257,HSR,Delivery,No,Yes,990.0,4.075,687.4,5,12.976746559143066,77.57527923583984
ZM1258,HSR,Delivery,Yes,No,422.30547550432277,3.6242214532871975,128.79827089337175,694,12.976746559143066,77.57527923583984
ZM1259,HSR,Delivery,Yes,Yes,973.0769230769231,4.042857142857143,913.9230769230769,65,12.976746559143066,77.57527923583984
ZM1260,HSR,Desserts,No,No,314.2857142857143,3.582142857142857,50.06122448979592,49,12.976746559143066,77.57527923583984
ZM1261,HSR,Desserts,No,Yes,1200.0,3.0,74.0,1,12.976746559143066,77.57527923583984
ZM1262,HSR,Desserts,Yes,No,377.6271186440678,3.788679245283019,113.83050847457628,59,12.976746559143066,77.57527923583984
ZM1263,HSR,Desserts,Yes,Yes,690.0,4.16,1454.6,5,12.976746559143066,77.57527923583984
ZM1264,HSR,Dine-out,No,No,408.6842105263158,3.4544642857142853,69.7720207253886,193,12.976746559143066,77.57527923583984
ZM1265,HSR,Dine-out,No,Yes,1205.8823529411766,4.235294117647059,1288.1176470588234,17,12.976746559143066,77.57527923583984
ZM1266,HSR,Dine-out,Yes,No,461.9047619047619,3.6102127659574466,187.84615384615384,273,12.976746559143066,77.57527923583984
ZM1267,HSR,Dine-out,Yes,Yes,911.5384615384615,3.961111111111111,723.8974358974359,39,12.976746559143066,77.57527923583984
ZM1268,HSR,Drinks & Night Life,No,No,1050.0,3.95,358.5,4,12.976746559143066,77.57527923583984
ZM1269,HSR,Drinks & Night Life,No,Yes,1150.0,4.4714285714285715,2075.5714285714284,7,12.976746559143066,77.57527923583984
ZM1270,HSR,Drinks & Night Life,Yes,Yes,1400.0,4.2,1002.3333333333334,3,12.976746559143066,77.57527923583984
ZM1271,HSR,Pubs and bars,No,No,1025.0,3.66,201.875,8,12.976746559143066,77.57527923583984
ZM1272,HSR,Pubs and bars,No,Yes,1218.75,4.45,1856.625,8,12.976746559143066,77.57527923583984
ZM1273,HSR,Pubs and bars,Yes,No,1000.0,3.9,622.5,2,12.976746559143066,77.57527923583984
ZM1274,HSR,Pubs and bars,Yes,Yes,1325.0,4.199999999999999,1572.75,4,12.976746559143066,77.57527923583984
ZM1275,Indiranagar,Buffet,No,No,1475.0,4.0285714285714285,493.875,8,12.970109939575195,77.64472198486328
ZM1276,Indiranagar,Buffet,No,Yes,1945.4545454545455,4.2727272727272725,2190.0,11,12.970109939575195,77.64472198486328
ZM1277,Indiranagar,Buffet,Yes,No,883.3333333333334,3.6999999999999997,3016.6666666666665,3,12.970109939575195,77.64472198486328
ZM1278,Indiranagar,Buffet,Yes,Yes,1353.125,4.1125,1054.6875,16,12.970109939575195,77.64472198486328
ZM1279,Indiranagar,Cafes,No,No,589.0625,3.775,307.4117647058824,34,12.970109939575195,77.64472198486328
ZM1280,Indiranagar,Cafes,No,Yes,1787.5,3.9749999999999996,647.75,4,12.970109939575195,77.64472198486328
ZM1281,Indiranagar,Cafes,Yes,No,586.7647058823529,3.925806451612903,596.8823529411765,34,12.970109939575195,77.64472198486328
ZM1282,Indiranagar,Cafes,Yes,Yes,875.0,4.12,950.7,10,12.970109939575195,77.64472198486328
ZM1283,Indiranagar,Delivery,No,No,391.8957345971564,3.476984126984127,83.5906976744186,215,12.970109939575195,77.64472198486328
ZM1284,Indiranagar,Delivery,No,Yes,1142.3076923076924,4.009090909090909,599.1538461538462,13,12.970109939575195,77.64472198486328
ZM1285,Indiranagar,Delivery,Yes,No,446.42599277978337,3.658212058212058,211.20216606498195,554,12.970109939575195,77.64472198486328
ZM1286,Indiranagar,Delivery,Yes,Yes,1153.7313432835822,4.093846153846155,1042.0597014925372,67,12.970109939575195,77.64472198486328
ZM1287,Indiranagar,Desserts,No,No,373.7837837837838,3.650877192982456,144.74666666666667,75,12.970109939575195,77.64472198486328
ZM1288,Indiranagar,Desserts,No,Yes,2100.0,3.9499999999999997,71.0,2,12.970109939575195,77.64472198486328
ZM1289,Indiranagar,Desserts,Yes,No,400.74626865671644,3.8206349206349204,342.13432835820896,67,12.970109939575195,77.64472198486328
ZM1290,Indiranagar,Desserts,Yes,Yes,920.0,4.26,693.4,5,12.970109939575195,77.64472198486328
ZM1291,Indiranagar,Dine-out,No,No,539.5121951219512,3.5920454545454548,218.256,250,12.970109939575195,77.64472198486328
ZM1292,Indiranagar,Dine-out,No,Yes,1760.759493670886,4.125675675675676,1100.1518987341772,79,12.970109939575195,77.64472198486328
ZM1293,Indiranagar,Dine-out,Yes,No,482.2633744855967,3.642290748898678,329.9012345679012,243,12.970109939575195,77.64472198486328
ZM1294,Indiranagar,Dine-out,Yes,Yes,1103.7037037037037,4.09,1073.7037037037037,54,12.970109939575195,77.64472198486328
ZM1295,Indiranagar,Drinks & Night Life,No,No,1493.3333333333333,3.8066666666666666,1302.0,16,12.970109939575195,77.64472198486328
ZM1296,Indiranagar,Drinks & Night Life,No,Yes,1588.888888888889,4.088235294117647,1549.0833333333333,36,12.970109939575195,77.64472198486328
ZM1297,Indiranagar,Drinks & Night Life,Yes,No,1137.5,4.125,1918.25,4,12.970109939575195,77.64472198486328
ZM1298,Indiranagar,Drinks & Night Life,Yes,Yes,1300.0,4.05,1620.0,2,12.970109939575195,77.64472198486328
ZM1299,Indiranagar,Pubs and bars,No,No,1163.888888888889,3.7125,300.5263157894737,19,12.970109939575195,77.64472198486328
ZM1300,Indiranagar,Pubs and bars,No,Yes,1489.655172413793,4.12962962962963,1635.655172413793,29,12.970109939575195,77.64472198486328
ZM1301,Indiranagar,Pubs and bars,Yes,No,1116.6666666666667,4.233333333333333,2581.6666666666665,3,12.970109939575195,77.64472198486328
ZM1302,Indiranagar,Pubs and bars,Yes,Yes,1257.142857142857,4.128571428571428,1003.5714285714286,7,12.970109939575195,77.64472198486328
ZM1303,JP Nagar,Buffet,No,No,941.6666666666666,3.5,137.33333333333334,6,12.906097412109375,77.58045196533203
ZM1304,JP Nagar,Buffet,No,Yes,1161.111111111111,4.266666666666667,1782.2222222222222,9,12.906097412109375,77.58045196533203
ZM1305,JP Nagar,Buffet,Yes,Yes,880.0,4.022222222222222,988.3,10,12.906097412109375,77.58045196533203
ZM1306,JP Nagar,Cafes,No,No,520.0,3.763157894736842,155.68,25,12.906097412109375,77.58045196533203
ZM1307,JP Nagar,Cafes,No,Yes,800.0,3.733333333333333,498.3333333333333,3,12.906097412109375,77.58045196533203
ZM1308,JP Nagar,Cafes,Yes,No,536.2068965517242,3.7392857142857143,155.68965517241378,29,12.906097412109375,77.58045196533203
ZM1309,JP Nagar,Cafes,Yes,Yes,700.0,4.14,1426.0,5,12.906097412109375,77.58045196533203
ZM1310,JP Nagar,Delivery,No,No,381.53284671532845,3.4048275862068964,36.431654676258994,278,12.906097412109375,77.58045196533203
ZM1311,JP Nagar,Delivery,No,Yes,1018.1818181818181,3.9181818181818184,587.9090909090909,11,12.906097412109375,77.58045196533203
ZM1312,JP Nagar,Delivery,Yes,No,394.73091364205254,3.608802308802309,128.8523153942428,799,12.906097412109375,77.58045196533203
ZM1313,JP Nagar,Delivery,Yes,Yes,944.9152542372881,3.980701754385965,855.2033898305085,59,12.906097412109375,77.58045196533203
ZM1314,JP Nagar,Desserts,No,No,338.0952380952381,3.6020408163265305,43.404761904761905,84,12.906097412109375,77.58045196533203
ZM1315,JP Nagar,Desserts,No,Yes,900.0,3.9,48.0,1,12.906097412109375,77.58045196533203
ZM1316,JP Nagar,Desserts,Yes,No,367.79411764705884,3.7875,88.26470588235294,68,12.906097412109375,77.58045196533203
ZM1317,JP Nagar,Desserts,Yes,Yes,633.3333333333334,4.033333333333333,353.3333333333333,3,12.906097412109375,77.58045196533203
ZM1318,JP Nagar,Dine-out,No,No,410.3071672354949,3.4726775956284155,77.41750841750842,297,12.906097412109375,77.58045196533203
ZM1319,JP Nagar,Dine-out,No,Yes,1146.6666666666667,4.089285714285714,1052.4666666666667,30,12.906097412109375,77.58045196533203
ZM1320,JP Nagar,Dine-out,Yes,No,432.7476038338658,3.5902097902097903,156.2811501597444,313,12.906097412109375,77.58045196533203
ZM1321,JP Nagar,Dine-out,Yes,Yes,927.9069767441861,4.045,974.7674418604652,43,12.906097412109375,77.58045196533203
ZM1322,JP Nagar,Drinks & Night Life,No,No,1300.0,3.75,726.6,5,12.906097412109375,77.58045196533203
ZM1323,JP Nagar,Drinks & Night Life,No,Yes,1293.75,4.083333333333333,780.625,8,12.906097412109375,77.58045196533203
ZM1324,JP Nagar,Drinks & Night Life,Yes,No,575.0,3.9,457.0,2,12.906097412109375,77.58045196533203
ZM1325,JP Nagar,Drinks & Night Life,Yes,Yes,1200.0,4.2,1890.25,8,12.906097412109375,77.58045196533203
ZM1326,Jayanagar,Buffet,No,No,941.6666666666666,3.5,137.33333333333334,6,12.961576461791992,77.5967788696289
ZM1327,Jayanagar,Buffet,No,Yes,1166.6666666666667,4.288888888888889,2033.4444444444443,9,12.961576461791992,77.5967788696289
ZM1328,Jayanagar,Buffet,Yes,No,633.3333333333334,4.1000000000000005,1682.0,3,12.961576461791992,77.5967788696289
ZM1329,Jayanagar,Buffet,Yes,Yes,918.1818181818181,4.04,1155.4545454545455,11,12.961576461791992,77.5967788696289
ZM1330,Jayanagar,Cafes,No,No,498.0769230769231,3.7523809523809524,145.15384615384616,26,12.961576461791992,77.5967788696289
ZM1331,Jayanagar,Cafes,No,Yes,800.0,4.0200000000000005,592.6,5,12.961576461791992,77.5967788696289
ZM1332,Jayanagar,Cafes,Yes,No,524.3243243243244,3.6771428571428566,173.56756756756758,37,12.961576461791992,77.5967788696289
ZM1333,Jayanagar,Cafes,Yes,Yes,631.25,4.1125,1100.625,8,12.961576461791992,77.5967788696289
ZM1334,Jayanagar,Delivery,No,No,384.0711462450593,3.4833333333333334,60.51737451737452,259,12.961576461791992,77.5967788696289
ZM1335,Jayanagar,Delivery,No,Yes,919.2307692307693,4.0249999999999995,746.8461538461538,13,12.961576461791992,77.5967788696289
ZM1336,Jayanagar,Delivery,Yes,No,401.93419740777665,3.6677966101694914,160.51345962113658,1003,12.961576461791992,77.5967788696289
ZM1337,Jayanagar,Delivery,Yes,Yes,966.5,4.114285714285714,1032.4,100,12.961576461791992,77.5967788696289
ZM1338,Jayanagar,Desserts,No,No,326.47058823529414,3.6737704918032787,55.872549019607845,102,12.961576461791992,77.5967788696289
ZM1339,Jayanagar,Desserts,No,Yes,800.0,4.2,657.0,1,12.961576461791992,77.5967788696289
ZM1340,Jayanagar,Desserts,Yes,No,355.67164179104475,3.8517241379310345,147.8955223880597,67,12.961576461791992,77.5967788696289
ZM1341,Jayanagar,Desserts,Yes,Yes,633.3333333333334,4.033333333333333,353.6666666666667,3,12.961576461791992,77.5967788696289
ZM1342,Jayanagar,Dine-out,No,No,401.7981072555205,3.537799043062201,81.775,320,12.961576461791992,77.5967788696289
ZM1343,Jayanagar,Dine-out,No,Yes,1082.142857142857,4.123809523809523,1139.9642857142858,28,12.961576461791992,77.5967788696289
ZM1344,Jayanagar,Dine-out,Yes,No,447.5609756097561,3.645173745173745,201.33449477351917,287,12.961576461791992,77.5967788696289
ZM1345,Jayanagar,Dine-out,Yes,Yes,931.6666666666666,4.036538461538461,984.0166666666667,60,12.961576461791992,77.5967788696289
ZM1346,Jayanagar,Drinks & Night Life,No,No,1120.0,3.3200000000000003,195.6,5,12.961576461791992,77.5967788696289
ZM1347,Jayanagar,Drinks & Night Life,No,Yes,1243.75,4.1125,870.0,8,12.961576461791992,77.5967788696289
ZM1348,Jayanagar,Drinks & Night Life,Yes,No,1000.0,3.9,919.0,1,12.961576461791992,77.5967788696289
ZM1349,Jayanagar,Drinks & Night Life,Yes,Yes,1233.3333333333333,4.155555555555555,1591.4444444444443,9,12.961576461791992,77.5967788696289
ZM1350,Kalyan Nagar,Buffet,No,No,1400.0,4.1,111.0,1,13.02152156829834,77.6404037475586
ZM1351,Kalyan Nagar,Buffet,No,Yes,1466.6666666666667,4.3999999999999995,1244.3333333333333,3,13.02152156829834,77.6404037475586
ZM1352,Kalyan Nagar,Buffet,Yes,No,775.0,3.9,1719.5,2,13.02152156829834,77.6404037475586
ZM1353,Kalyan Nagar,Buffet,Yes,Yes,930.0,4.220000000000001,570.4,5,13.02152156829834,77.6404037475586
ZM1354,Kalyan Nagar,Cafes,No,No,496.0,3.6875,82.56,25,13.02152156829834,77.6404037475586
ZM1355,Kalyan Nagar,Cafes,No,Yes,850.0,,0.0,1,13.02152156829834,77.6404037475586
ZM1356,Kalyan Nagar,Cafes,Yes,No,559.5238095238095,3.8263157894736843,122.28571428571429,21,13.02152156829834,77.6404037475586
ZM1357,Kalyan Nagar,Cafes,Yes,Yes,792.8571428571429,4.171428571428572,810.1428571428571,7,13.02152156829834,77.6404037475586
ZM1358,Kalyan Nagar,Delivery,No,No,369.247311827957,3.5135922330097085,31.15625,192,13.02152156829834,77.6404037475586
ZM1359,Kalyan Nagar,Delivery,No,Yes,1100.0,4.133333333333334,504.7142857142857,7,13.02152156829834,77.6404037475586
ZM1360,Kalyan Nagar,Delivery,Yes,No,434.57943925233644,3.5762162162162165,104.82242990654206,428,13.02152156829834,77.6404037475586
ZM1361,Kalyan Nagar,Delivery,Yes,Yes,944.5945945945946,4.062162162162163,584.972972972973,37,13.02152156829834,77.6404037475586
ZM1362,Kalyan Nagar,Desserts,No,No,395.1923076923077,3.65625,43.80769230769231,52,13.02152156829834,77.6404037475586
ZM1363,Kalyan Nagar,Desserts,No,Yes,850.0,,0.0,1,13.02152156829834,77.6404037475586
ZM1364,Kalyan Nagar,Desserts,Yes,No,383.8235294117647,3.75,79.32352941176471,34,13.02152156829834,77.6404037475586
ZM1365,Kalyan Nagar,Desserts,Yes,Yes,750.0,4.1000000000000005,339.3333333333333,3,13.02152156829834,77.6404037475586
ZM1366,Kalyan Nagar,Dine-out,No,No,372.4657534246575,3.505511811023622,32.775784753363226,223,13.02152156829834,77.6404037475586
ZM1367,Kalyan Nagar,Dine-out,No,Yes,1239.2857142857142,4.135714285714285,701.0,14,13.02152156829834,77.6404037475586
ZM1368,Kalyan Nagar,Dine-out,Yes,No,478.2926829268293,3.6335135135135137,143.73170731707316,205,13.02152156829834,77.6404037475586
ZM1369,Kalyan Nagar,Dine-out,Yes,Yes,950.0,4.075757575757576,607.2424242424242,33,13.02152156829834,77.6404037475586
ZM1370,Kalyan Nagar,Drinks & Night Life,No,No,900.0,3.5200000000000005,87.8,5,13.02152156829834,77.6404037475586
ZM1371,Kalyan Nagar,Drinks & Night Life,No,Yes,1450.0,4.05,382.25,4,13.02152156829834,77.6404037475586
ZM1372,Kalyan Nagar,Drinks & Night Life,Yes,No,1200.0,3.9,248.0,1,13.02152156829834,77.6404037475586
ZM1373,Kalyan Nagar,Drinks & Night Life,Yes,Yes,1360.0,4.14,1090.4,5,13.02152156829834,77.6404037475586
ZM1374,Kammanahalli,Cafes,No,No,490.38461538461536,3.6526315789473687,82.57692307692308,26,12.858306884765625,77.60430908203125
ZM1375,Kammanahalli,Cafes,No,Yes,850.0,,0.0,1,12.858306884765625,77.60430908203125
ZM1376,Kammanahalli,Cafes,Yes,No,566.6666666666666,3.8333333333333335,132.38095238095238,21,12.858306884765625,77.60430908203125
ZM1377,Kammanahalli,Cafes,Yes,Yes,792.8571428571429,4.171428571428572,810.1428571428571,7,12.858306884765625,77.60430908203125
ZM1378,Kammanahalli,Delivery,No,No,364.54545454545456,3.5185185185185186,32.795,200,12.858306884765625,77.60430908203125
ZM1379,Kammanahalli,Delivery,No,Yes,1100.0,4.133333333333334,504.7142857142857,7,12.858306884765625,77.60430908203125
ZM1380,Kammanahalli,Delivery,Yes,No,432.1016166281755,3.5776595744680852,111.29099307159353,433,12.858306884765625,77.60430908203125
ZM1381,Kammanahalli,Delivery,Yes,Yes,952.7777777777778,4.088888888888889,588.6111111111111,36,12.858306884765625,77.60430908203125
ZM1382,Kammanahalli,Desserts,No,No,377.67857142857144,3.7083333333333335,49.482142857142854,56,12.858306884765625,77.60430908203125
ZM1383,Kammanahalli,Desserts,No,Yes,850.0,,0.0,1,12.858306884765625,77.60430908203125
ZM1384,Kammanahalli,Desserts,Yes,No,364.86486486486484,3.753333333333333,71.54054054054055,37,12.858306884765625,77.60430908203125
ZM1385,Kammanahalli,Desserts,Yes,Yes,725.0,4.4,501.0,2,12.858306884765625,77.60430908203125
ZM1386,Kammanahalli,Dine-out,No,No,382.69565217391306,3.5034246575342465,39.273109243697476,238,12.858306884765625,77.60430908203125
ZM1387,Kammanahalli,Dine-out,No,Yes,1196.1538461538462,4.130769230769231,752.3076923076923,13,12.858306884765625,77.60430908203125
ZM1388,Kammanahalli,Dine-out,Yes,No,469.2118226600985,3.624338624338624,148.3793103448276,203,12.858306884765625,77.60430908203125
ZM1389,Kammanahalli,Dine-out,Yes,Yes,1015.625,4.0875,647.03125,32,12.858306884765625,77.60430908203125
ZM1390,Kammanahalli,Drinks & Night Life,No,No,966.6666666666666,3.5666666666666664,82.16666666666667,6,12.858306884765625,77.60430908203125
ZM1391,Kammanahalli,Drinks & Night Life,No,Yes,1450.0,4.05,382.75,4,12.858306884765625,77.60430908203125
ZM1392,Kammanahalli,Drinks & Night Life,Yes,No,1200.0,3.9,248.0,1,12.858306884765625,77.60430908203125
ZM1393,Kammanahalli,Drinks & Night Life,Yes,Yes,1480.0,4.16,1091.4,5,12.858306884765625,77.60430908203125
ZM1394,Koramangala 4th Block,Buffet,No,No,1040.0,3.8200000000000003,1191.0,7,12.939313888549805,77.61576080322266
ZM1395,Koramangala 4th Block,Buffet,No,Yes,1464.2857142857142,4.230769230769231,1660.5714285714287,14,12.939313888549805,77.61576080322266
ZM1396,Koramangala 4th Block,Buffet,Yes,No,878.5714285714286,3.9285714285714284,1299.2857142857142,7,12.939313888549805,77.61576080322266
ZM1397,Koramangala 4th Block,Buffet,Yes,Yes,1205.8823529411766,4.264705882352941,1696.4117647058824,17,12.939313888549805,77.61576080322266
ZM1398,Koramangala 4th Block,Cafes,No,No,573.75,3.8756756756756756,923.5714285714286,42,12.939313888549805,77.61576080322266
ZM1399,Koramangala 4th Block,Cafes,No,Yes,980.0,4.279999999999999,1010.8,5,12.939313888549805,77.61576080322266
ZM1400,Koramangala 4th Block,Cafes,Yes,No,592.0454545454545,3.9785714285714286,451.1136363636364,44,12.939313888549805,77.61576080322266
ZM1401,Koramangala 4th Block,Cafes,Yes,Yes,758.8235294117648,4.188235294117647,1496.1764705882354,17,12.939313888549805,77.61576080322266
ZM1402,Koramangala 4th Block,Delivery,No,No,387.9008746355685,3.5540669856459326,150.77247191011236,356,12.939313888549805,77.61576080322266
ZM1403,Koramangala 4th Block,Delivery,No,Yes,991.6666666666666,4.2125,1189.6666666666667,18,12.939313888549805,77.61576080322266
ZM1404,Koramangala 4th Block,Delivery,Yes,No,419.746835443038,3.6714285714285717,175.74391431353456,1027,12.939313888549805,77.61576080322266
ZM1405,Koramangala 4th Block,Delivery,Yes,Yes,984.5,4.117708333333334,936.05,100,12.939313888549805,77.61576080322266
ZM1406,Koramangala 4th Block,Desserts,No,No,345.94594594594594,3.671698113207547,80.52,75,12.939313888549805,77.61576080322266
ZM1407,Koramangala 4th Block,Desserts,Yes,No,388.5542168674699,3.94,198.86746987951807,83,12.939313888549805,77.61576080322266
ZM1408,Koramangala 4th Block,Desserts,Yes,Yes,1031.25,4.1875,1009.125,8,12.939313888549805,77.61576080322266
ZM1409,Koramangala 4th Block,Dine-out,No,No,441.69054441260744,3.571784232365145,207.0782122905028,358,12.939313888549805,77.61576080322266
ZM1410,Koramangala 4th Block,Dine-out,No,Yes,1300.78125,4.280327868852459,1494.34375,64,12.939313888549805,77.61576080322266
ZM1411,Koramangala 4th Block,Dine-out,Yes,No,474.11167512690355,3.7260623229461753,277.9263959390863,394,12.939313888549805,77.61576080322266
ZM1412,Koramangala 4th Block,Dine-out,Yes,Yes,1008.5365853658536,4.162195121951219,1098.4146341463415,82,12.939313888549805,77.61576080322266
ZM1413,Koramangala 4th Block,Drinks & Night Life,No,No,1350.0,3.70625,540.125,16,12.939313888549805,77.61576080322266
ZM1414,Koramangala 4th Block,Drinks & Night Life,No,Yes,1335.9375,4.296666666666667,1785.0625,32,12.939313888549805,77.61576080322266
ZM1415,Koramangala 4th Block,Drinks & Night Life,Yes,No,1133.3333333333333,3.9333333333333336,1611.0,3,12.939313888549805,77.61576080322266
ZM1416,Koramangala 4th Block,Drinks & Night Life,Yes,Yes,1370.0,4.16,1367.5,10,12.939313888549805,77.61576080322266
ZM1417,Koramangala 5th Block,Buffet,No,No,1450.0,3.9,1981.5,4,12.933952331542969,77.62245178222656
ZM1418,Koramangala 5th Block,Buffet,No,Yes,1342.857142857143,4.246153846153846,1652.9285714285713,14,12.933952331542969,77.62245178222656
ZM1419,Koramangala 5th Block,Buffet,Yes,No,790.0,3.8499999999999996,1565.2,5,12.933952331542969,77.62245178222656
ZM1420,Koramangala 5th Block,Buffet,Yes,Yes,1213.3333333333333,4.293333333333334,1896.8,15,12.933952331542969,77.62245178222656
ZM1421,Koramangala 5th Block,Cafes,No,No,737.5,4.2153846153846155,2580.6153846153848,13,12.933952331542969,77.62245178222656
ZM1422,Koramangala 5th Block,Cafes,No,Yes,850.0,4.4,1009.5,2,12.933952331542969,77.62245178222656
ZM1423,Koramangala 5th Block,Cafes,Yes,No,635.0,4.0,648.65,20,12.933952331542969,77.62245178222656
ZM1424,Koramangala 5th Block,Cafes,Yes,Yes,815.0,4.26,1933.1,10,12.933952331542969,77.62245178222656
ZM1425,Koramangala 5th Block,Delivery,No,No,376.7292225201072,3.5440366972477064,141.74739583333334,384,12.933952331542969,77.62245178222656
ZM1426,Koramangala 5th Block,Delivery,No,Yes,1056.6666666666667,4.269230769230769,1269.8666666666666,15,12.933952331542969,77.62245178222656
ZM1427,Koramangala 5th Block,Delivery,Yes,No,413.7065637065637,3.6779755283648496,168.246138996139,1036,12.933952331542969,77.62245178222656
ZM1428,Koramangala 5th Block,Delivery,Yes,Yes,996.1111111111111,4.139325842696629,1080.9333333333334,90,12.933952331542969,77.62245178222656
ZM1429,Koramangala 5th Block,Desserts,No,No,351.2345679012346,3.7196428571428575,109.56626506024097,83,12.933952331542969,77.62245178222656
ZM1430,Koramangala 5th Block,Desserts,Yes,No,387.6470588235294,4.002857142857143,204.8235294117647,85,12.933952331542969,77.62245178222656
ZM1431,Koramangala 5th Block,Desserts,Yes,Yes,930.0,4.220000000000001,1751.4,10,12.933952331542969,77.62245178222656
ZM1432,Koramangala 5th Block,Dine-out,No,No,420.78880407124683,3.5614173228346457,185.1125,400,12.933952331542969,77.62245178222656
ZM1433,Koramangala 5th Block,Dine-out,No,Yes,1231.132075471698,4.29,1653.433962264151,53,12.933952331542969,77.62245178222656
ZM1434,Koramangala 5th Block,Dine-out,Yes,No,467.58793969849245,3.7226361031518627,270.3467336683417,398,12.933952331542969,77.62245178222656
ZM1435,Koramangala 5th Block,Dine-out,Yes,Yes,1019.078947368421,4.178947368421053,1156.5,76,12.933952331542969,77.62245178222656
ZM1436,Koramangala 5th Block,Drinks & Night Life,No,No,1350.0,3.6666666666666665,514.3125,16,12.933952331542969,77.62245178222656
ZM1437,Koramangala 5th Block,Drinks & Night Life,No,Yes,1327.5862068965516,4.285185185185186,1777.0344827586207,29,12.933952331542969,77.62245178222656
ZM1438,Koramangala 5th Block,Drinks & Night Life,Yes,No,1133.3333333333333,3.9333333333333336,1611.3333333333333,3,12.933952331542969,77.62245178222656
ZM1439,Koramangala 5th Block,Drinks & Night Life,Yes,Yes,1370.0,4.16,1370.8,10,12.933952331542969,77.62245178222656
ZM1440,Koramangala 5th Block,Pubs and bars,No,No,1170.8333333333333,3.6473684210526316,259.4166666666667,24,12.933952331542969,77.62245178222656
ZM1441,Koramangala 5th Block,Pubs and bars,No,Yes,1265.2173913043478,4.322727272727272,2431.5652173913045,23,12.933952331542969,77.62245178222656
ZM1442,Koramangala 5th Block,Pubs and bars,Yes,No,833.3333333333334,3.6,46.333333333333336,3,12.933952331542969,77.62245178222656
ZM1443,Koramangala 5th Block,Pubs and bars,Yes,Yes,1300.0,4.26,1216.4666666666667,15,12.933952331542969,77.62245178222656
ZM1444,Koramangala 6th Block,Buffet,No,No,1333.3333333333333,3.775,1594.4,5,12.936142921447754,77.62519836425781
ZM1445,Koramangala 6th Block,Buffet,No,Yes,1325.0,4.190909090909091,1605.5833333333333,12,12.936142921447754,77.62519836425781
ZM1446,Koramangala 6th Block,Buffet,Yes,No,837.5,3.85,1957.75,4,12.936142921447754,77.62519836425781
ZM1447,Koramangala 6th Block,Buffet,Yes,Yes,1240.0,4.3066666666666675,1902.8,15,12.936142921447754,77.62519836425781
ZM1448,Koramangala 6th Block,Cafes,No,No,577.027027027027,3.8885714285714283,984.4102564102565,39,12.936142921447754,77.62519836425781
ZM1449,Koramangala 6th Block,Cafes,No,Yes,1025.0,4.25,1154.0,4,12.936142921447754,77.62519836425781
ZM1450,Koramangala 6th Block,Cafes,Yes,No,588.3720930232558,3.9799999999999995,435.06976744186045,43,12.936142921447754,77.62519836425781
ZM1451,Koramangala 6th Block,Cafes,Yes,Yes,767.6470588235294,4.211764705882352,1455.8823529411766,17,12.936142921447754,77.62519836425781
ZM1452,Koramangala 6th Block,Delivery,No,No,386.6043613707165,3.5774358974358975,164.42261904761904,336,12.936142921447754,77.62519836425781
ZM1453,Koramangala 6th Block,Delivery,No,Yes,1065.625,4.214285714285714,1295.25,16,12.936142921447754,77.62519836425781
ZM1454,Koramangala 6th Block,Delivery,Yes,No,418.9005235602094,3.6744019138755983,183.5717277486911,955,12.936142921447754,77.62519836425781
ZM1455,Koramangala 6th Block,Delivery,Yes,Yes,1033.3333333333333,4.163953488372093,1147.2528735632184,87,12.936142921447754,77.62519836425781
ZM1456,Koramangala 6th Block,Desserts,No,No,352.56410256410254,3.7,110.13924050632912,79,12.936142921447754,77.62519836425781
ZM1457,Koramangala 6th Block,Desserts,Yes,No,387.95180722891564,4.0,203.80722891566265,83,12.936142921447754,77.62519836425781
ZM1458,Koramangala 6th Block,Desserts,Yes,Yes,930.0,4.220000000000001,1753.2,10,12.936142921447754,77.62519836425781
ZM1459,Koramangala 6th Block,Dine-out,No,No,428.9106145251397,3.5687242798353913,198.56986301369864,365,12.936142921447754,77.62519836425781
ZM1460,Koramangala 6th Block,Dine-out,No,Yes,1258.3333333333333,4.2823529411764705,1696.648148148148,54,12.936142921447754,77.62519836425781
ZM1461,Koramangala 6th Block,Dine-out,Yes,No,465.8469945355191,3.7235474006116207,280.74863387978144,366,12.936142921447754,77.62519836425781
ZM1462,Koramangala 6th Block,Dine-out,Yes,Yes,1035.3333333333333,4.1866666666666665,1145.8933333333334,75,12.936142921447754,77.62519836425781
ZM1463,Koramangala 6th Block,Drinks & Night Life,No,No,1346.6666666666667,3.6933333333333334,528.2666666666667,15,12.936142921447754,77.62519836425781
ZM1464,Koramangala 6th Block,Drinks & Night Life,No,Yes,1356.6666666666667,4.285714285714286,1842.9333333333334,30,12.936142921447754,77.62519836425781
ZM1465,Koramangala 6th Block,Drinks & Night Life,Yes,No,1133.3333333333333,3.9333333333333336,1615.3333333333333,3,12.936142921447754,77.62519836425781
ZM1466,Koramangala 6th Block,Drinks & Night Life,Yes,Yes,1370.0,4.16,1373.0,10,12.936142921447754,77.62519836425781
ZM1467,Koramangala 7th Block,Buffet,No,No,1450.0,3.9333333333333336,1982.25,4,12.937355041503906,77.61134338378906
ZM1468,Koramangala 7th Block,Buffet,No,Yes,1307.142857142857,4.223076923076923,1483.5,14,12.937355041503906,77.61134338378906
ZM1469,Koramangala 7th Block,Buffet,Yes,No,825.0,3.84,1319.5,6,12.937355041503906,77.61134338378906
ZM1470,Koramangala 7th Block,Buffet,Yes,Yes,1213.3333333333333,4.293333333333334,1900.6666666666667,15,12.937355041503906,77.61134338378906
ZM1471,Koramangala 7th Block,Cafes,No,No,575.6410256410256,3.8971428571428572,961.925,40,12.937355041503906,77.61134338378906
ZM1472,Koramangala 7th Block,Cafes,No,Yes,833.3333333333334,4.333333333333333,948.0,3,12.937355041503906,77.61134338378906
ZM1473,Koramangala 7th Block,Cafes,Yes,No,583.3333333333334,3.968292682926829,417.8888888888889,45,12.937355041503906,77.61134338378906
ZM1474,Koramangala 7th Block,Cafes,Yes,Yes,767.6470588235294,4.211764705882352,1457.5882352941176,17,12.937355041503906,77.61134338378906
ZM1475,Koramangala 7th Block,Delivery,No,No,379.6533333333333,3.5681614349775788,153.35677083333334,384,12.937355041503906,77.61134338378906
ZM1476,Koramangala 7th Block,Delivery,No,Yes,1056.6666666666667,4.269230769230769,1273.4,15,12.937355041503906,77.61134338378906
ZM1477,Koramangala 7th Block,Delivery,Yes,No,410.242954324587,3.672265193370166,168.18950437317784,1029,12.937355041503906,77.61134338378906
ZM1478,Koramangala 7th Block,Delivery,Yes,Yes,998.9690721649484,4.129896907216495,1085.1855670103093,97,12.937355041503906,77.61134338378906
ZM1479,Koramangala 7th Block,Desserts,No,No,342.04545454545456,3.7322033898305085,117.65555555555555,90,12.937355041503906,77.61134338378906
ZM1480,Koramangala 7th Block,Desserts,Yes,No,376.50602409638554,3.967164179104478,198.32530120481928,83,12.937355041503906,77.61134338378906
ZM1481,Koramangala 7th Block,Desserts,Yes,Yes,930.0,4.21,1756.4,10,12.937355041503906,77.61134338378906
ZM1482,Koramangala 7th Block,Dine-out,No,No,412.2823529411765,3.5465034965034965,175.22758620689655,435,12.937355041503906,77.61134338378906
ZM1483,Koramangala 7th Block,Dine-out,No,Yes,1224.5454545454545,4.2846153846153845,1678.1636363636364,55,12.937355041503906,77.61134338378906
ZM1484,Koramangala 7th Block,Dine-out,Yes,No,466.625,3.722689075630252,255.1175,400,12.937355041503906,77.61134338378906
ZM1485,Koramangala 7th Block,Dine-out,Yes,Yes,1023.2876712328767,4.184931506849315,1141.7534246575342,73,12.937355041503906,77.61134338378906
ZM1486,Koramangala 7th Block,Drinks & Night Life,No,No,1325.0,3.6599999999999997,483.5,16,12.937355041503906,77.61134338378906
ZM1487,Koramangala 7th Block,Drinks & Night Life,No,Yes,1309.6774193548388,4.2733333333333325,1715.1935483870968,31,12.937355041503906,77.61134338378906
ZM1488,Koramangala 7th Block,Drinks & Night Life,Yes,No,1100.0,4.05,2361.5,2,12.937355041503906,77.61134338378906
ZM1489,Koramangala 7th Block,Drinks & Night Life,Yes,Yes,1370.0,4.16,1375.6,10,12.937355041503906,77.61134338378906
ZM1490,Koramangala 7th Block,Pubs and bars,No,No,1182.608695652174,3.6611111111111114,248.6086956521739,23,12.937355041503906,77.61134338378906
ZM1491,Koramangala 7th Block,Pubs and bars,No,Yes,1248.0,4.303999999999999,2303.36,25,12.937355041503906,77.61134338378906
ZM1492,Koramangala 7th Block,Pubs and bars,Yes,No,700.0,3.5,9.0,1,12.937355041503906,77.61134338378906
ZM1493,Koramangala 7th Block,Pubs and bars,Yes,Yes,1300.0,4.26,1221.4666666666667,15,12.937355041503906,77.61134338378906
ZM1494,Lavelle Road,Buffet,No,No,1210.4166666666667,3.516666666666666,191.54166666666666,24,12.9667405188518,77.5965726450605
ZM1495,Lavelle Road,Buffet,No,Yes,1854.5454545454545,4.081818181818182,474.40909090909093,22,12.9667405188518,77.5965726450605
ZM1496,Lavelle Road,Buffet,Yes,No,1258.3333333333333,3.983333333333333,647.8333333333334,6,12.9667405188518,77.5965726450605
ZM1497,Lavelle Road,Buffet,Yes,Yes,1523.076923076923,4.146153846153846,1224.6923076923076,13,12.9667405188518,77.5965726450605
ZM1498,Lavelle Road,Cafes,No,No,703.3333333333334,3.802564102564103,299.2391304347826,46,12.9667405188518,77.5965726450605
ZM1499,Lavelle Road,Cafes,No,Yes,1375.0,3.9166666666666665,505.3333333333333,6,12.9667405188518,77.5965726450605
ZM1500,Lavelle Road,Cafes,Yes,No,554.1666666666666,3.9047619047619047,384.4583333333333,24,12.9667405188518,77.5965726450605
ZM1501,Lavelle Road,Cafes,Yes,Yes,1078.5714285714287,4.314285714285714,1856.857142857143,7,12.9667405188518,77.5965726450605
ZM1502,Lavelle Road,Delivery,No,No,408.1818181818182,3.561029411764706,107.39189189189189,222,12.9667405188518,77.5965726450605
ZM1503,Lavelle Road,Delivery,No,Yes,1250.0,4.1875,1260.5,8,12.9667405188518,77.5965726450605
ZM1504,Lavelle Road,Delivery,Yes,No,483.8093841642229,3.6806451612903226,194.03519061583577,341,12.9667405188518,77.5965726450605
ZM1505,Lavelle Road,Delivery,Yes,Yes,1286.842105263158,4.1421052631578945,1165.3508771929824,57,12.9667405188518,77.5965726450605
ZM1506,Lavelle Road,Desserts,No,No,385.5263157894737,3.7,81.84415584415585,77,12.9667405188518,77.5965726450605
ZM1507,Lavelle Road,Desserts,No,Yes,1733.3333333333333,4.066666666666666,756.6666666666666,3,12.9667405188518,77.5965726450605
ZM1508,Lavelle Road,Desserts,Yes,No,393.1914893617021,3.925,175.2127659574468,47,12.9667405188518,77.5965726450605
ZM1509,Lavelle Road,Desserts,Yes,Yes,940.0,4.26,1706.6,5,12.9667405188518,77.5965726450605
ZM1510,Lavelle Road,Dine-out,No,No,582.6555023923445,3.5931596091205207,147.85377358490567,424,12.9667405188518,77.5965726450605
ZM1511,Lavelle Road,Dine-out,No,Yes,2026.9607843137255,4.167326732673267,740.8333333333334,102,12.9667405188518,77.5965726450605
ZM1512,Lavelle Road,Dine-out,Yes,No,575.6024096385543,3.7183544303797467,288.7530120481928,166,12.9667405188518,77.5965726450605
ZM1513,Lavelle Road,Dine-out,Yes,Yes,1299.1379310344828,4.155172413793103,1166.4655172413793,58,12.9667405188518,77.5965726450605
ZM1514,Lavelle Road,Drinks & Night Life,No,No,1269.1176470588234,3.7161290322580647,366.27777777777777,36,12.9667405188518,77.5965726450605
ZM1515,Lavelle Road,Drinks & Night Life,No,Yes,1884.375,4.165625,936.34375,32,12.9667405188518,77.5965726450605
ZM1516,Lavelle Road,Drinks & Night Life,Yes,No,1733.3333333333333,4.0,489.0,3,12.9667405188518,77.5965726450605
ZM1517,Lavelle Road,Drinks & Night Life,Yes,Yes,1440.0,4.2733333333333325,1266.5333333333333,15,12.9667405188518,77.5965726450605
ZM1518,MG Road,Buffet,No,No,1268.421052631579,3.547368421052631,233.8421052631579,19,12.9765559257608,77.5998596187669
ZM1519,MG Road,Buffet,No,Yes,1800.0,4.122222222222223,559.5,18,12.9765559257608,77.5998596187669
ZM1520,MG Road,Buffet,Yes,No,1250.0,3.9799999999999995,751.6,5,12.9765559257608,77.5998596187669
ZM1521,MG Road,Buffet,Yes,Yes,1500.0,4.158333333333333,1322.1666666666667,12,12.9765559257608,77.5998596187669
ZM1522,MG Road,Cafes,No,No,678.75,3.8194444444444446,321.6666666666667,42,12.9765559257608,77.5998596187669
ZM1523,MG Road,Cafes,No,Yes,1500.0,3.94,548.4,5,12.9765559257608,77.5998596187669
ZM1524,MG Road,Cafes,Yes,No,566.0,3.8636363636363638,380.56,25,12.9765559257608,77.5998596187669
ZM1525,MG Road,Cafes,Yes,Yes,1078.5714285714287,4.328571428571428,1862.857142857143,7,12.9765559257608,77.5998596187669
ZM1526,MG Road,Delivery,No,No,415.6108597285068,3.578231292517007,126.82683982683983,231,12.9765559257608,77.5998596187669
ZM1527,MG Road,Delivery,No,Yes,1300.0,4.075,956.5,8,12.9765559257608,77.5998596187669
ZM1528,MG Road,Delivery,Yes,No,486.54117647058825,3.710526315789474,238.22588235294117,425,12.9765559257608,77.5998596187669
ZM1529,MG Road,Delivery,Yes,Yes,1242.6666666666667,4.148648648648648,1139.1866666666667,75,12.9765559257608,77.5998596187669
ZM1530,MG Road,Desserts,No,No,366.6666666666667,3.7263157894736842,90.41176470588235,85,12.9765559257608,77.5998596187669
ZM1531,MG Road,Desserts,No,Yes,1800.0,4.074999999999999,593.75,4,12.9765559257608,77.5998596187669
ZM1532,MG Road,Desserts,Yes,No,414.468085106383,3.8790697674418606,171.63829787234042,47,12.9765559257608,77.5998596187669
ZM1533,MG Road,Desserts,Yes,Yes,940.0,4.279999999999999,1714.8,5,12.9765559257608,77.5998596187669
ZM1534,MG Road,Dine-out,No,No,615.0621118012423,3.595850622406639,194.659509202454,326,12.9765559257608,77.5998596187669
ZM1535,MG Road,Dine-out,No,Yes,1957.3033707865168,4.185227272727273,805.4157303370787,89,12.9765559257608,77.5998596187669
ZM1536,MG Road,Dine-out,Yes,No,549.7237569060774,3.7208333333333337,273.98342541436466,181,12.9765559257608,77.5998596187669
ZM1537,MG Road,Dine-out,Yes,Yes,1305.7692307692307,4.15,1224.3846153846155,52,12.9765559257608,77.5998596187669
ZM1538,MG Road,Drinks & Night Life,No,No,1400.0,3.8366666666666664,715.6875,32,12.9765559257608,77.5998596187669
ZM1539,MG Road,Drinks & Night Life,No,Yes,1748.3870967741937,4.212903225806452,1286.4516129032259,31,12.9765559257608,77.5998596187669
ZM1540,MG Road,Drinks & Night Life,Yes,No,1750.0,4.0,609.0,2,12.9765559257608,77.5998596187669
ZM1541,MG Road,Drinks & Night Life,Yes,Yes,1690.0,4.32,2184.5,10,12.9765559257608,77.5998596187669
ZM1542,MG Road,Pubs and bars,No,No,1291.0714285714287,3.7680000000000002,506.26666666666665,30,12.9765559257608,77.5998596187669
ZM1543,MG Road,Pubs and bars,No,Yes,1666.6666666666667,4.188888888888889,1092.851851851852,27,12.9765559257608,77.5998596187669
ZM1544,MG Road,Pubs and bars,Yes,No,1733.3333333333333,4.05,462.0,3,12.9765559257608,77.5998596187669
ZM1545,MG Road,Pubs and bars,Yes,Yes,1440.0,4.28,1271.6,15,12.9765559257608,77.5998596187669
ZM1546,Malleshwaram,Buffet,No,No,1266.6666666666667,3.9333333333333336,742.0,3,12.976746559143066,77.57527923583984
ZM1547,Malleshwaram,Buffet,No,Yes,1720.8333333333333,4.208333333333333,610.1666666666666,12,12.976746559143066,77.57527923583984
ZM1548,Malleshwaram,Buffet,Yes,No,766.6666666666666,3.6,220.0,3,12.976746559143066,77.57527923583984
ZM1549,Malleshwaram,Buffet,Yes,Yes,1175.0,4.2,665.0,4,12.976746559143066,77.57527923583984
ZM1550,Malleshwaram,Cafes,No,No,481.25,3.707142857142857,60.6875,16,12.976746559143066,77.57527923583984
ZM1551,Malleshwaram,Cafes,No,Yes,1000.0,4.3,476.0,1,12.976746559143066,77.57527923583984
ZM1552,Malleshwaram,Cafes,Yes,No,550.0,3.909090909090909,341.54545454545456,11,12.976746559143066,77.57527923583984
ZM1553,Malleshwaram,Cafes,Yes,Yes,600.0,4.3,355.0,1,12.976746559143066,77.57527923583984
ZM1554,Malleshwaram,Delivery,No,No,380.7692307692308,3.4278688524590164,26.528846153846153,104,12.976746559143066,77.57527923583984
ZM1555,Malleshwaram,Delivery,No,Yes,1108.3333333333333,4.233333333333333,697.8333333333334,6,12.976746559143066,77.57527923583984
ZM1556,Malleshwaram,Delivery,Yes,No,423.01234567901236,3.6537433155080214,156.9925925925926,405,12.976746559143066,77.57527923583984
ZM1557,Malleshwaram,Delivery,Yes,Yes,1120.967741935484,4.180645161290323,1089.1290322580646,31,12.976746559143066,77.57527923583984
ZM1558,Malleshwaram,Desserts,No,No,327.77777777777777,3.717948717948718,55.72222222222222,54,12.976746559143066,77.57527923583984
ZM1559,Malleshwaram,Desserts,Yes,No,339.70588235294116,3.76875,122.70588235294117,34,12.976746559143066,77.57527923583984
ZM1560,Malleshwaram,Desserts,Yes,Yes,600.0,4.3,355.0,1,12.976746559143066,77.57527923583984
ZM1561,Malleshwaram,Dine-out,No,No,530.3571428571429,3.6016528925619835,140.33529411764707,170,12.976746559143066,77.57527923583984
ZM1562,Malleshwaram,Dine-out,No,Yes,2031.25,4.1875,671.28125,32,12.976746559143066,77.57527923583984
ZM1563,Malleshwaram,Dine-out,Yes,No,431.97278911564626,3.650714285714286,196.93197278911563,147,12.976746559143066,77.57527923583984
ZM1564,Malleshwaram,Dine-out,Yes,Yes,1119.4444444444443,4.2555555555555555,1077.5555555555557,18,12.976746559143066,77.57527923583984
ZM1565,Malleshwaram,Drinks & Night Life,No,No,1514.2857142857142,3.6785714285714284,393.85714285714283,14,12.976746559143066,77.57527923583984
ZM1566,Malleshwaram,Drinks & Night Life,No,Yes,1675.0,4.066666666666666,1519.0,6,12.976746559143066,77.57527923583984
ZM1567,Malleshwaram,Drinks & Night Life,Yes,No,1400.0,4.2,1731.0,1,12.976746559143066,77.57527923583984
ZM1568,Malleshwaram,Drinks & Night Life,Yes,Yes,1150.0,4.15,566.0,2,12.976746559143066,77.57527923583984
ZM1569,Malleshwaram,Pubs and bars,No,No,1233.3333333333333,3.5999999999999996,551.5555555555555,9,12.976746559143066,77.57527923583984
ZM1570,Malleshwaram,Pubs and bars,No,Yes,1641.6666666666667,4.083333333333333,716.3333333333334,6,12.976746559143066,77.57527923583984
ZM1571,Malleshwaram,Pubs and bars,Yes,No,1400.0,4.2,1731.0,1,12.976746559143066,77.57527923583984
ZM1572,Malleshwaram,Pubs and bars,Yes,Yes,1200.0,4.425,2477.5,4,12.976746559143066,77.57527923583984
ZM1573,Marathahalli,Buffet,No,No,942.8571428571429,3.4,255.0,8,12.9545259475708,77.70270538330078
ZM1574,Marathahalli,Buffet,No,Yes,1512.5,4.225,2550.125,16,12.9545259475708,77.70270538330078
ZM1575,Marathahalli,Buffet,Yes,No,775.0,3.7,64.0,2,12.9545259475708,77.70270538330078
ZM1576,Marathahalli,Buffet,Yes,Yes,1058.3333333333333,4.266666666666667,1678.8333333333333,6,12.9545259475708,77.70270538330078
ZM1577,Marathahalli,Cafes,No,No,511.7647058823529,3.5384615384615383,66.66666666666667,18,12.9545259475708,77.70270538330078
ZM1578,Marathahalli,Cafes,No,Yes,400.0,4.3,72.0,1,12.9545259475708,77.70270538330078
ZM1579,Marathahalli,Cafes,Yes,No,350.0,3.6,159.71428571428572,7,12.9545259475708,77.70270538330078
ZM1580,Marathahalli,Cafes,Yes,Yes,566.6666666666666,3.9333333333333336,1182.0,3,12.9545259475708,77.70270538330078
ZM1581,Marathahalli,Delivery,No,No,412.25454545454545,3.363855421686747,33.36071428571429,280,12.9545259475708,77.70270538330078
ZM1582,Marathahalli,Delivery,No,Yes,828.5714285714286,3.5500000000000003,311.14285714285717,7,12.9545259475708,77.70270538330078
ZM1583,Marathahalli,Delivery,Yes,No,423.87640449438203,3.524838012958963,127.14232209737828,534,12.9545259475708,77.70270538330078
ZM1584,Marathahalli,Delivery,Yes,Yes,941.025641025641,4.035897435897436,1052.7692307692307,39,12.9545259475708,77.70270538330078
ZM1585,Marathahalli,Desserts,No,No,350.0,3.45,44.816326530612244,49,12.9545259475708,77.70270538330078
ZM1586,Marathahalli,Desserts,No,Yes,900.0,4.5,3613.0,2,12.9545259475708,77.70270538330078
ZM1587,Marathahalli,Desserts,Yes,No,354.3478260869565,3.697560975609756,81.78260869565217,46,12.9545259475708,77.70270538330078
ZM1588,Marathahalli,Desserts,Yes,Yes,600.0,4.4,978.0,1,12.9545259475708,77.70270538330078
ZM1589,Marathahalli,Dine-out,No,No,425.8909090909091,3.4022988505747125,47.70863309352518,278,12.9545259475708,77.70270538330078
ZM1590,Marathahalli,Dine-out,No,Yes,1432.258064516129,4.19,1738.483870967742,31,12.9545259475708,77.70270538330078
ZM1591,Marathahalli,Dine-out,Yes,No,462.27436823104694,3.5051383399209484,173.05415162454872,277,12.9545259475708,77.70270538330078
ZM1592,Marathahalli,Dine-out,Yes,Yes,893.75,3.959375,944.5625,32,12.9545259475708,77.70270538330078
ZM1593,Marathahalli,Drinks & Night Life,No,No,1866.6666666666667,3.5285714285714285,76.57142857142857,7,12.9545259475708,77.70270538330078
ZM1594,Marathahalli,Drinks & Night Life,No,Yes,1450.0,4.15,1235.2,10,12.9545259475708,77.70270538330078
ZM1595,Marathahalli,Drinks & Night Life,Yes,Yes,1380.0,4.220000000000001,2699.0,5,12.9545259475708,77.70270538330078
ZM1596,New BEL Road,Buffet,No,Yes,1433.3333333333333,4.133333333333334,747.6666666666666,3,13.0284990000001,77.5713023500008
ZM1597,New BEL Road,Buffet,Yes,No,900.0,3.7,212.0,1,13.0284990000001,77.5713023500008
ZM1598,New BEL Road,Cafes,No,No,505.55555555555554,3.66,495.55555555555554,9,13.0284990000001,77.5713023500008
ZM1599,New BEL Road,Cafes,Yes,No,596.6666666666666,3.7142857142857144,267.8,15,13.0284990000001,77.5713023500008
ZM1600,New BEL Road,Cafes,Yes,Yes,880.0,4.2,1967.0,5,13.0284990000001,77.5713023500008
ZM1601,New BEL Road,Delivery,No,No,359.09090909090907,3.4513513513513514,67.33582089552239,134,13.0284990000001,77.5713023500008
ZM1602,New BEL Road,Delivery,No,Yes,800.0,3.866666666666667,613.6666666666666,3,13.0284990000001,77.5713023500008
ZM1603,New BEL Road,Delivery,Yes,No,420.1793721973094,3.6180000000000003,133.83856502242153,223,13.0284990000001,77.5713023500008
ZM1604,New BEL Road,Delivery,Yes,Yes,1017.8571428571429,3.992857142857143,1031.0,14,13.0284990000001,77.5713023500008
ZM1605,New BEL Road,Desserts,No,No,351.9230769230769,3.7588235294117647,210.73076923076923,26,13.0284990000001,77.5713023500008
ZM1606,New BEL Road,Desserts,Yes,No,391.6666666666667,3.74375,122.83333333333333,18,13.0284990000001,77.5713023500008
ZM1607,New BEL Road,Dine-out,No,No,374.46043165467626,3.50625,76.39285714285714,140,13.0284990000001,77.5713023500008
ZM1608,New BEL Road,Dine-out,No,Yes,1133.3333333333333,4.083333333333333,999.3333333333334,6,13.0284990000001,77.5713023500008
ZM1609,New BEL Road,Dine-out,Yes,No,436.864406779661,3.611009174311927,181.28813559322035,118,13.0284990000001,77.5713023500008
ZM1610,New BEL Road,Dine-out,Yes,Yes,972.7272727272727,4.027272727272727,999.1818181818181,11,13.0284990000001,77.5713023500008
ZM1611,New BEL Road,Drinks & Night Life,No,No,1600.0,3.9,441.3333333333333,3,13.0284990000001,77.5713023500008
ZM1612,New BEL Road,Drinks & Night Life,No,Yes,1300.0,4.35,1864.5,2,13.0284990000001,77.5713023500008
ZM1613,New BEL Road,Drinks & Night Life,Yes,Yes,1150.0,4.2,1529.0,2,13.0284990000001,77.5713023500008
ZM1614,New BEL Road,Pubs and bars,No,No,1266.6666666666667,4.0,531.3333333333334,3,13.0284990000001,77.5713023500008
ZM1615,New BEL Road,Pubs and bars,No,Yes,1300.0,4.35,1864.5,2,13.0284990000001,77.5713023500008
ZM1616,New BEL Road,Pubs and bars,Yes,Yes,1150.0,4.2,1529.0,2,13.0284990000001,77.5713023500008
ZM1617,Old Airport Road,Buffet,No,No,1240.0,3.625,42.2,5,12.960471050792,77.6432707312373
ZM1618,Old Airport Road,Buffet,No,Yes,1870.0,4.21,2452.7,10,12.960471050792,77.6432707312373
ZM1619,Old Airport Road,Buffet,Yes,No,875.0,3.5,4305.5,2,12.960471050792,77.6432707312373
ZM1620,Old Airport Road,Buffet,Yes,Yes,1280.0,4.1899999999999995,1261.5,10,12.960471050792,77.6432707312373
ZM1621,Old Airport Road,Cafes,No,No,476.0869565217391,3.580952380952381,207.46153846153845,26,12.960471050792,77.6432707312373
ZM1622,Old Airport Road,Cafes,No,Yes,1600.0,4.0,1806.0,1,12.960471050792,77.6432707312373
ZM1623,Old Airport Road,Cafes,Yes,No,572.5,3.926315789473684,383.65,20,12.960471050792,77.6432707312373
ZM1624,Old Airport Road,Cafes,Yes,Yes,791.6666666666666,4.083333333333333,640.1666666666666,6,12.960471050792,77.6432707312373
ZM1625,Old Airport Road,Delivery,No,No,388.1720430107527,3.4672131147540983,82.1969696969697,198,12.960471050792,77.6432707312373
ZM1626,Old Airport Road,Delivery,No,Yes,1245.4545454545455,3.9454545454545453,490.3636363636364,11,12.960471050792,77.6432707312373
ZM1627,Old Airport Road,Delivery,Yes,No,438.7061403508772,3.655690072639225,250.06798245614036,456,12.960471050792,77.6432707312373
ZM1628,Old Airport Road,Delivery,Yes,Yes,1070.4545454545455,4.144186046511628,1210.7727272727273,44,12.960471050792,77.6432707312373
ZM1629,Old Airport Road,Desserts,No,No,391.0204081632653,3.575609756097561,109.90384615384616,52,12.960471050792,77.6432707312373
ZM1630,Old Airport Road,Desserts,Yes,No,392.15686274509807,3.8760869565217386,230.07843137254903,51,12.960471050792,77.6432707312373
ZM1631,Old Airport Road,Desserts,Yes,Yes,820.0,4.24,712.0,5,12.960471050792,77.6432707312373
ZM1632,Old Airport Road,Dine-out,No,No,453.8150289017341,3.4921875,113.15591397849462,186,12.960471050792,77.6432707312373
ZM1633,Old Airport Road,Dine-out,No,Yes,1700.0,4.138181818181818,1298.1454545454546,55,12.960471050792,77.6432707312373
ZM1634,Old Airport Road,Dine-out,Yes,No,478.57142857142856,3.628662420382166,329.32738095238096,168,12.960471050792,77.6432707312373
ZM1635,Old Airport Road,Dine-out,Yes,Yes,1065.625,4.171875,1272.53125,32,12.960471050792,77.6432707312373
ZM1636,Old Airport Road,Drinks & Night Life,No,No,1460.0,3.7,512.3636363636364,11,12.960471050792,77.6432707312373
ZM1637,Old Airport Road,Drinks & Night Life,No,Yes,1530.7692307692307,4.16,1959.0,26,12.960471050792,77.6432707312373
ZM1638,Old Airport Road,Drinks & Night Life,Yes,No,1233.3333333333333,4.3,1740.6666666666667,3,12.960471050792,77.6432707312373
ZM1639,Old Airport Road,Drinks & Night Life,Yes,Yes,1300.0,4.05,1644.0,2,12.960471050792,77.6432707312373
ZM1640,Old Airport Road,Pubs and bars,No,No,1218.1818181818182,3.715384615384615,316.64285714285717,14,12.960471050792,77.6432707312373
ZM1641,Old Airport Road,Pubs and bars,No,Yes,1462.5,4.143478260869565,1611.375,24,12.960471050792,77.6432707312373
ZM1642,Old Airport Road,Pubs and bars,Yes,No,1300.0,4.449999999999999,2571.0,3,12.960471050792,77.6432707312373
ZM1643,Old Airport Road,Pubs and bars,Yes,Yes,1250.0,4.15,1290.5,4,12.960471050792,77.6432707312373
ZM1644,Rajajinagar,Buffet,No,No,1000.0,3.7,68.0,2,12.970000267028809,77.56999969482422
ZM1645,Rajajinagar,Buffet,No,Yes,1277.7777777777778,4.166666666666667,731.8888888888889,9,12.970000267028809,77.56999969482422
ZM1646,Rajajinagar,Buffet,Yes,No,775.0,3.8,350.0,2,12.970000267028809,77.56999969482422
ZM1647,Rajajinagar,Buffet,Yes,Yes,1175.0,4.2,677.25,4,12.970000267028809,77.56999969482422
ZM1648,Rajajinagar,Cafes,No,No,466.6666666666667,3.5999999999999996,71.75,12,12.970000267028809,77.56999969482422
ZM1649,Rajajinagar,Cafes,Yes,No,566.6666666666666,3.8000000000000003,177.33333333333334,9,12.970000267028809,77.56999969482422
ZM1650,Rajajinagar,Cafes,Yes,Yes,600.0,4.3,393.0,1,12.970000267028809,77.56999969482422
ZM1651,Rajajinagar,Delivery,No,No,368.02721088435374,3.435227272727273,32.94736842105263,152,12.970000267028809,77.56999969482422
ZM1652,Rajajinagar,Delivery,No,Yes,966.6666666666666,4.166666666666667,874.6666666666666,3,12.970000267028809,77.56999969482422
ZM1653,Rajajinagar,Delivery,Yes,No,403.26241134751774,3.669230769230769,157.7163120567376,282,12.970000267028809,77.56999969482422
ZM1654,Rajajinagar,Delivery,Yes,Yes,1141.1764705882354,4.158823529411765,1095.6470588235295,17,12.970000267028809,77.56999969482422
ZM1655,Rajajinagar,Desserts,No,No,289.0625,3.6204545454545456,41.61538461538461,65,12.970000267028809,77.56999969482422
ZM1656,Rajajinagar,Desserts,Yes,No,319.44444444444446,3.735294117647059,78.69444444444444,36,12.970000267028809,77.56999969482422
ZM1657,Rajajinagar,Desserts,Yes,Yes,600.0,4.3,397.0,1,12.970000267028809,77.56999969482422
ZM1658,Rajajinagar,Dine-out,No,No,405.3781512605042,3.498159509202454,69.59504132231405,242,12.970000267028809,77.56999969482422
ZM1659,Rajajinagar,Dine-out,No,Yes,1459.5238095238096,4.119047619047619,747.3333333333334,21,12.970000267028809,77.56999969482422
ZM1660,Rajajinagar,Dine-out,Yes,No,424.0740740740741,3.6374999999999997,172.1358024691358,162,12.970000267028809,77.56999969482422
ZM1661,Rajajinagar,Dine-out,Yes,Yes,1146.6666666666667,4.206666666666667,1202.6,15,12.970000267028809,77.56999969482422
ZM1662,Rajajinagar,Drinks & Night Life,No,No,1140.0,3.5799999999999996,405.4,10,12.970000267028809,77.56999969482422
ZM1663,Rajajinagar,Drinks & Night Life,No,Yes,1675.0,3.966666666666667,1093.0,6,12.970000267028809,77.56999969482422
ZM1664,Rajajinagar,Drinks & Night Life,Yes,No,1100.0,3.95,954.0,2,12.970000267028809,77.56999969482422
ZM1665,Rajajinagar,Drinks & Night Life,Yes,Yes,1150.0,4.15,567.5,2,12.970000267028809,77.56999969482422
ZM1666,Rajajinagar,Pubs and bars,No,No,1063.6363636363637,3.590909090909091,180.27272727272728,11,12.970000267028809,77.56999969482422
ZM1667,Rajajinagar,Pubs and bars,No,Yes,1525.0,3.966666666666667,359.3333333333333,6,12.970000267028809,77.56999969482422
ZM1668,Rajajinagar,Pubs and bars,Yes,No,1100.0,3.95,954.0,2,12.970000267028809,77.56999969482422
ZM1669,Rajajinagar,Pubs and bars,Yes,Yes,1120.0,4.16,2086.6,5,12.970000267028809,77.56999969482422
ZM1670,Residency Road,Buffet,No,No,1223.8095238095239,3.5047619047619043,214.04761904761904,21,12.9691444590311,77.6020487228464
ZM1671,Residency Road,Buffet,No,Yes,1715.7894736842106,4.1,528.6315789473684,19,12.9691444590311,77.6020487228464
ZM1672,Residency Road,Buffet,Yes,No,1208.3333333333333,3.9499999999999997,643.8333333333334,6,12.9691444590311,77.6020487228464
ZM1673,Residency Road,Buffet,Yes,Yes,1523.076923076923,4.138461538461538,1228.923076923077,13,12.9691444590311,77.6020487228464
ZM1674,Residency Road,Cafes,No,No,659.3023255813954,3.771052631578948,299.3333333333333,45,12.9691444590311,77.6020487228464
ZM1675,Residency Road,Cafes,No,Yes,1375.0,3.933333333333333,510.5,6,12.9691444590311,77.6020487228464
ZM1676,Residency Road,Cafes,Yes,No,565.0,3.9176470588235293,435.65,20,12.9691444590311,77.6020487228464
ZM1677,Residency Road,Cafes,Yes,Yes,1078.5714285714287,4.3,1867.4285714285713,7,12.9691444590311,77.6020487228464
ZM1678,Residency Road,Delivery,No,No,416.90140845070425,3.5880281690140845,117.32420091324201,219,12.9691444590311,77.6020487228464
ZM1679,Residency Road,Delivery,No,Yes,1155.5555555555557,4.077777777777778,1019.2222222222222,9,12.9691444590311,77.6020487228464
ZM1680,Residency Road,Delivery,Yes,No,473.72424242424245,3.675337837837838,200.0818181818182,330,12.9691444590311,77.6020487228464
ZM1681,Residency Road,Delivery,Yes,Yes,1318.75,4.146428571428571,1179.7142857142858,56,12.9691444590311,77.6020487228464
ZM1682,Residency Road,Desserts,No,No,377.9220779220779,3.681132075471698,79.54430379746836,79,12.9691444590311,77.6020487228464
ZM1683,Residency Road,Desserts,No,Yes,1800.0,4.074999999999999,599.5,4,12.9691444590311,77.6020487228464
ZM1684,Residency Road,Desserts,Yes,No,392.5581395348837,3.9549999999999996,191.3953488372093,43,12.9691444590311,77.6020487228464
ZM1685,Residency Road,Desserts,Yes,Yes,940.0,4.26,1718.0,5,12.9691444590311,77.6020487228464
ZM1686,Residency Road,Dine-out,No,No,580.3724928366762,3.5953125,176.60734463276836,354,12.9691444590311,77.6020487228464
ZM1687,Residency Road,Dine-out,No,Yes,1928.1914893617022,4.161290322580645,763.8617021276596,94,12.9691444590311,77.6020487228464
ZM1688,Residency Road,Dine-out,Yes,No,552.2012578616352,3.71554054054054,291.28930817610063,159,12.9691444590311,77.6020487228464
ZM1689,Residency Road,Dine-out,Yes,Yes,1325.0,4.153703703703704,1214.7592592592594,54,12.9691444590311,77.6020487228464
ZM1690,Residency Road,Drinks & Night Life,No,No,1384.8484848484848,3.825,678.0882352941177,34,12.9691444590311,77.6020487228464
ZM1691,Residency Road,Drinks & Night Life,No,Yes,1746.875,4.18125,953.96875,32,12.9691444590311,77.6020487228464
ZM1692,Residency Road,Drinks & Night Life,Yes,No,2000.0,4.1,1221.0,1,12.9691444590311,77.6020487228464
ZM1693,Residency Road,Drinks & Night Life,Yes,Yes,1690.0,4.32,2191.4,10,12.9691444590311,77.6020487228464
ZM1694,Sarjapur Road,Buffet,No,No,883.3333333333334,3.3000000000000003,292.0,7,12.8992935452988,77.7124713484824
ZM1695,Sarjapur Road,Buffet,No,Yes,1725.0,4.125,740.5,8,12.8992935452988,77.7124713484824
ZM1696,Sarjapur Road,Buffet,Yes,No,850.0,4.1,621.0,2,12.8992935452988,77.7124713484824
ZM1697,Sarjapur Road,Buffet,Yes,Yes,1411.111111111111,4.144444444444444,1417.3333333333333,9,12.8992935452988,77.7124713484824
ZM1698,Sarjapur Road,Cafes,No,No,417.85714285714283,3.7363636363636363,21.066666666666666,15,12.8992935452988,77.7124713484824
ZM1699,Sarjapur Road,Cafes,Yes,No,563.3333333333334,3.8214285714285716,186.26666666666668,15,12.8992935452988,77.7124713484824
ZM1700,Sarjapur Road,Cafes,Yes,Yes,1000.0,4.0,348.0,1,12.8992935452988,77.7124713484824
ZM1701,Sarjapur Road,Delivery,No,No,415.6842105263158,3.386607142857143,39.15816326530612,196,12.8992935452988,77.7124713484824
ZM1702,Sarjapur Road,Delivery,No,Yes,1130.0,4.1,1023.0,5,12.8992935452988,77.7124713484824
ZM1703,Sarjapur Road,Delivery,Yes,No,447.82082324455206,3.560752688172043,122.01694915254237,413,12.8992935452988,77.7124713484824
ZM1704,Sarjapur Road,Delivery,Yes,Yes,1137.878787878788,4.125,1633.2121212121212,33,12.8992935452988,77.7124713484824
ZM1705,Sarjapur Road,Desserts,No,No,379.1666666666667,3.616,41.13513513513514,37,12.8992935452988,77.7124713484824
ZM1706,Sarjapur Road,Desserts,Yes,No,426.59574468085106,3.688636363636364,107.7872340425532,47,12.8992935452988,77.7124713484824
ZM1707,Sarjapur Road,Dine-out,No,No,412.3863636363636,3.366115702479339,49.25,180,12.8992935452988,77.7124713484824
ZM1708,Sarjapur Road,Dine-out,No,Yes,1655.2631578947369,4.157894736842105,743.6315789473684,19,12.8992935452988,77.7124713484824
ZM1709,Sarjapur Road,Dine-out,Yes,No,468.42105263157896,3.495336787564767,130.7224880382775,209,12.8992935452988,77.7124713484824
ZM1710,Sarjapur Road,Dine-out,Yes,Yes,1191.6666666666667,4.145833333333333,1826.3333333333333,24,12.8992935452988,77.7124713484824
ZM1711,Sarjapur Road,Drinks & Night Life,No,No,950.0,3.5666666666666664,99.0,3,12.8992935452988,77.7124713484824
ZM1712,Sarjapur Road,Drinks & Night Life,No,Yes,1625.0,4.125,1307.625,8,12.8992935452988,77.7124713484824
ZM1713,Sarjapur Road,Drinks & Night Life,Yes,No,1600.0,4.4,1091.0,2,12.8992935452988,77.7124713484824
ZM1714,Sarjapur Road,Drinks & Night Life,Yes,Yes,1425.0,4.275,3885.5,8,12.8992935452988,77.7124713484824
ZM1715,Sarjapur Road,Pubs and bars,No,No,950.0,3.5666666666666664,99.0,3,12.8992935452988,77.7124713484824
ZM1716,Sarjapur Road,Pubs and bars,No,Yes,1725.0,4.375,1186.25,4,12.8992935452988,77.7124713484824
ZM1717,Sarjapur Road,Pubs and bars,Yes,No,1100.0,4.133333333333334,553.25,4,12.8992935452988,77.7124713484824
ZM1718,Sarjapur Road,Pubs and bars,Yes,Yes,1400.0,4.211111111111111,2238.3333333333335,9,12.8992935452988,77.7124713484824
ZM1719,Whitefield,Cafes,No,No,536.6666666666666,3.715384615384615,151.0,15,12.96984577178955,77.75103759765625
ZM1720,Whitefield,Cafes,No,Yes,2000.0,4.2,519.0,1,12.96984577178955,77.75103759765625
ZM1721,Whitefield,Cafes,Yes,No,570.0,3.7785714285714285,154.13333333333333,15,12.96984577178955,77.75103759765625
ZM1722,Whitefield,Cafes,Yes,Yes,914.2857142857143,4.1571428571428575,1072.4285714285713,7,12.96984577178955,77.75103759765625
ZM1723,Whitefield,Delivery,No,No,391.6,3.4262773722627737,29.60070671378092,283,12.96984577178955,77.75103759765625
ZM1724,Whitefield,Delivery,No,Yes,1187.5,3.6375,479.0,8,12.96984577178955,77.75103759765625
ZM1725,Whitefield,Delivery,Yes,No,447.56637168141594,3.5774798927613944,131.6349557522124,452,12.96984577178955,77.75103759765625
ZM1726,Whitefield,Delivery,Yes,Yes,1025.5555555555557,4.064444444444445,829.0666666666667,45,12.96984577178955,77.75103759765625
ZM1727,Whitefield,Desserts,No,No,402.72727272727275,3.7103448275862068,60.05357142857143,56,12.96984577178955,77.75103759765625
ZM1728,Whitefield,Desserts,Yes,No,423.58490566037733,3.7181818181818183,113.30188679245283,53,12.96984577178955,77.75103759765625
ZM1729,Whitefield,Desserts,Yes,Yes,1000.0,4.2,706.6666666666666,3,12.96984577178955,77.75103759765625
ZM1730,Whitefield,Dine-out,No,No,486.8561872909699,3.4106951871657754,65.75247524752476,303,12.96984577178955,77.75103759765625
ZM1731,Whitefield,Dine-out,No,Yes,1828.888888888889,4.08,802.7111111111111,45,12.96984577178955,77.75103759765625
ZM1732,Whitefield,Dine-out,Yes,No,515.7777777777778,3.5588235294117645,178.21333333333334,225,12.96984577178955,77.75103759765625
ZM1733,Whitefield,Dine-out,Yes,Yes,1056.578947368421,4.102702702702703,902.8421052631579,38,12.96984577178955,77.75103759765625
ZM1734,Whitefield,Drinks & Night Life,No,No,1542.3076923076924,3.6916666666666664,586.0769230769231,13,12.96984577178955,77.75103759765625
ZM1735,Whitefield,Drinks & Night Life,No,Yes,1715.3846153846155,4.146153846153846,1321.6153846153845,13,12.96984577178955,77.75103759765625
ZM1736,Whitefield,Drinks & Night Life,Yes,No,1500.0,4.1,2773.0,1,12.96984577178955,77.75103759765625
ZM1737,Whitefield,Drinks & Night Life,Yes,Yes,1400.0,4.1,854.2222222222222,9,12.96984577178955,77.75103759765625
ZM1738,Whitefield,Pubs and bars,No,No,1357.6923076923076,3.6100000000000003,580.1538461538462,13,12.96984577178955,77.75103759765625
ZM1739,Whitefield,Pubs and bars,No,Yes,1736.3636363636363,4.254545454545454,1559.7272727272727,11,12.96984577178955,77.75103759765625
ZM1740,Whitefield,Pubs and bars,Yes,No,1500.0,4.1,2773.0,1,12.96984577178955,77.75103759765625
ZM1741,Whitefield,Pubs and bars,Yes,Yes,1370.0,4.09,1054.4,10,12.96984577178955,77.75103759765625
